heartrate,watts
113,0.0
113,0.0
108,
110,261.0
110,133.0
112,170.0
113,128.0
114,219.0
116,104.0
117,149.0
118,170.0
120,122.0
121,137.0
122,156.0
124,122.0
125,149.0
125,138.0
127,128.0
128,117.0
129,131.0
130,132.0
130,131.0
131,108.0
132,107.0
132,110.0
133,101.0
133,100.0
134,90.0
134,104.0
134,109.0
134,111.0
135,118.0
135,139.0
135,164.0
135,130.0
136,121.0
136,135.0
136,108.0
135,113.0
135,144.0
134,168.0
134,134.0
134,103.0
133,95.0
133,90.0
133,8.0
132,8.0
132,110.0
131,146.0
131,148.0
131,133.0
131,131.0
131,128.0
131,140.0
131,140.0
131,153.0
132,133.0
132,143.0
132,155.0
132,128.0
132,153.0
132,149.0
132,169.0
132,132.0
132,142.0
130,142.0
130,135.0
129,125.0
130,137.0
130,128.0
130,126.0
130,119.0
130,128.0
130,125.0
130,129.0
129,135.0
129,134.0
130,121.0
129,148.0
129,128.0
129,131.0
130,118.0
129,111.0
130,131.0
130,130.0
130,111.0
130,86.0
130,29.0
130,2.0
130,2.0
129,2.0
129,0.0
128,0.0
127,0.0
125,0.0
123,0.0
123,145.0
122,253.0
122,254.0
123,243.0
123,193.0
123,179.0
124,165.0
124,155.0
125,140.0
126,163.0
126,128.0
126,166.0
126,178.0
127,176.0
128,149.0
128,158.0
129,181.0
130,161.0
130,159.0
130,93.0
130,88.0
130,70.0
130,125.0
130,171.0
130,104.0
129,129.0
130,135.0
130,135.0
130,114.0
130,104.0
130,104.0
130,80.0
129,30.0
128,45.0
127,0.0
127,0.0
126,0.0
126,0.0
126,0.0
126,0.0
125,0.0
109,
111,321.0
113,244.0
114,150.0
119,
121,171.0
122,103.0
123,142.0
124,123.0
125,114.0
126,115.0
127,117.0
127,100.0
128,112.0
128,100.0
128,142.0
128,71.0
128,127.0
128,144.0
129,167.0
129,154.0
130,143.0
130,123.0
130,122.0
131,152.0
131,132.0
131,142.0
131,85.0
131,0.0
131,0.0
131,0.0
130,0.0
130,0.0
130,0.0
129,0.0
129,125.0
129,180.0
129,104.0
128,0.0
127,0.0
126,0.0
126,0.0
125,0.0
124,0.0
122,116.0
122,264.0
123,233.0
124,251.0
124,203.0
125,185.0
125,176.0
126,162.0
126,192.0
127,151.0
127,150.0
128,135.0
128,132.0
128,105.0
129,0.0
129,0.0
130,0.0
130,0.0
130,0.0
130,0.0
128,0.0
127,0.0
126,0.0
126,0.0
125,2.0
125,87.0
125,141.0
125,163.0
125,199.0
125,163.0
126,146.0
126,126.0
127,113.0
127,134.0
128,110.0
129,116.0
129,108.0
129,115.0
129,109.0
129,108.0
129,121.0
129,148.0
129,146.0
130,138.0
130,147.0
131,127.0
132,127.0
132,158.0
133,112.0
132,126.0
133,118.0
132,118.0
132,125.0
131,110.0
131,120.0
131,128.0
131,117.0
131,133.0
131,135.0
131,127.0
131,125.0
132,157.0
132,144.0
132,143.0
132,150.0
132,149.0
132,141.0
132,138.0
132,102.0
132,78.0
132,0.0
132,0.0
132,0.0
131,0.0
131,0.0
130,0.0
130,0.0
129,0.0
129,0.0
128,0.0
127,0.0
126,0.0
125,2.0
125,0.0
125,0.0
125,0.0
124,0.0
124,0.0
113,
110,89.0
109,100.0
108,104.0
108,167.0
109,159.0
110,152.0
111,237.0
113,229.0
114,190.0
116,195.0
117,214.0
118,189.0
121,194.0
122,156.0
124,146.0
125,159.0
126,158.0
127,166.0
128,41.0
129,0.0
129,0.0
128,0.0
128,0.0
126,0.0
125,1.0
124,146.0
123,222.0
123,207.0
124,195.0
124,172.0
125,170.0
126,149.0
126,156.0
127,185.0
127,194.0
127,193.0
127,178.0
128,173.0
128,148.0
128,169.0
129,112.0
130,120.0
130,158.0
130,163.0
130,161.0
131,168.0
131,158.0
132,169.0
133,150.0
134,150.0
134,159.0
134,152.0
134,167.0
134,113.0
134,6.0
134,3.0
134,92.0
134,160.0
134,138.0
134,136.0
134,165.0
135,149.0
134,155.0
135,155.0
135,153.0
135,156.0
135,156.0
135,165.0
135,147.0
135,147.0
135,150.0
136,134.0
136,164.0
136,150.0
136,147.0
136,149.0
136,134.0
135,121.0
135,128.0
135,133.0
134,134.0
134,145.0
134,145.0
135,137.0
134,140.0
134,138.0
134,167.0
134,174.0
134,175.0
134,173.0
134,202.0
134,197.0
134,174.0
134,171.0
135,190.0
135,168.0
135,146.0
135,170.0
136,149.0
136,149.0
136,173.0
136,171.0
136,178.0
137,167.0
137,162.0
137,177.0
137,167.0
138,185.0
138,177.0
139,164.0
140,150.0
140,171.0
140,158.0
140,174.0
140,154.0
141,166.0
141,160.0
140,181.0
141,179.0
141,160.0
140,180.0
141,178.0
141,193.0
141,174.0
141,207.0
141,182.0
141,175.0
142,175.0
142,168.0
142,179.0
143,190.0
144,200.0
144,190.0
144,189.0
145,181.0
145,195.0
146,175.0
146,182.0
146,176.0
146,184.0
146,188.0
146,185.0
146,178.0
146,203.0
146,191.0
146,172.0
146,185.0
146,191.0
146,196.0
146,184.0
146,183.0
145,185.0
146,161.0
145,170.0
146,155.0
145,172.0
145,165.0
145,151.0
144,129.0
144,176.0
144,159.0
144,181.0
145,181.0
145,257.0
145,195.0
145,219.0
146,200.0
146,200.0
146,206.0
147,215.0
147,215.0
147,215.0
147,225.0
148,232.0
148,232.0
148,226.0
149,263.0
149,240.0
149,248.0
150,236.0
150,246.0
150,250.0
151,255.0
151,259.0
152,266.0
152,257.0
153,260.0
154,254.0
155,254.0
156,259.0
156,251.0
157,237.0
158,244.0
159,247.0
159,252.0
160,265.0
160,250.0
161,231.0
160,229.0
161,229.0
161,243.0
162,243.0
162,224.0
162,226.0
163,213.0
163,232.0
163,237.0
164,235.0
164,242.0
164,230.0
164,229.0
165,229.0
164,246.0
165,236.0
165,262.0
165,270.0
165,260.0
165,187.0
166,212.0
166,196.0
166,197.0
166,179.0
165,153.0
165,159.0
166,170.0
165,163.0
166,163.0
165,170.0
166,169.0
165,171.0
165,163.0
165,170.0
164,185.0
164,181.0
164,181.0
164,178.0
163,192.0
163,175.0
163,166.0
163,160.0
162,166.0
162,164.0
162,156.0
162,191.0
162,152.0
161,161.0
161,150.0
160,160.0
160,204.0
160,231.0
160,173.0
159,156.0
159,117.0
158,118.0
158,115.0
157,131.0
156,137.0
155,138.0
154,130.0
154,135.0
154,144.0
153,144.0
153,124.0
152,115.0
152,123.0
151,128.0
151,134.0
151,142.0
151,155.0
151,155.0
150,183.0
150,162.0
150,162.0
149,145.0
149,203.0
149,135.0
149,128.0
148,131.0
148,111.0
148,107.0
148,110.0
147,130.0
147,131.0
147,140.0
146,189.0
146,161.0
145,148.0
145,174.0
146,256.0
146,174.0
146,166.0
146,149.0
146,144.0
146,145.0
146,143.0
146,137.0
147,154.0
146,154.0
147,160.0
146,166.0
146,163.0
146,166.0
146,180.0
146,180.0
146,168.0
146,164.0
146,168.0
146,184.0
147,177.0
147,192.0
148,187.0
148,181.0
148,178.0
148,174.0
148,204.0
147,200.0
147,188.0
147,190.0
147,186.0
147,184.0
147,191.0
147,194.0
147,182.0
147,182.0
147,184.0
148,184.0
148,188.0
148,173.0
148,178.0
148,186.0
149,189.0
149,179.0
149,165.0
149,165.0
149,189.0
150,182.0
150,165.0
150,187.0
150,181.0
151,164.0
151,163.0
152,172.0
152,192.0
153,176.0
153,176.0
153,168.0
153,172.0
153,167.0
153,170.0
153,175.0
152,171.0
151,170.0
151,161.0
150,153.0
150,175.0
150,205.0
150,184.0
150,197.0
150,203.0
151,203.0
151,186.0
151,193.0
151,188.0
152,205.0
152,205.0
152,199.0
153,201.0
153,178.0
153,202.0
153,186.0
153,213.0
152,187.0
152,192.0
151,188.0
151,192.0
151,191.0
151,204.0
152,187.0
152,204.0
152,189.0
152,204.0
153,211.0
152,223.0
153,225.0
153,199.0
153,192.0
153,190.0
153,192.0
153,178.0
153,193.0
153,209.0
153,199.0
153,177.0
153,177.0
153,182.0
153,157.0
153,168.0
153,167.0
153,201.0
153,175.0
153,182.0
153,194.0
153,182.0
152,181.0
153,151.0
153,163.0
153,209.0
153,186.0
153,180.0
153,152.0
152,179.0
153,174.0
152,175.0
152,175.0
152,177.0
151,170.0
151,185.0
151,172.0
151,203.0
151,167.0
150,167.0
150,166.0
150,177.0
150,192.0
150,173.0
150,214.0
150,175.0
150,171.0
150,179.0
150,177.0
150,167.0
150,190.0
150,180.0
150,188.0
150,166.0
150,166.0
150,177.0
150,176.0
150,165.0
150,182.0
150,192.0
150,176.0
150,185.0
150,205.0
149,162.0
149,180.0
149,168.0
149,173.0
149,167.0
148,172.0
148,177.0
148,181.0
148,167.0
147,164.0
148,166.0
147,186.0
147,184.0
147,204.0
148,184.0
148,186.0
148,190.0
148,193.0
148,202.0
148,220.0
148,198.0
149,188.0
149,221.0
149,192.0
149,190.0
149,198.0
150,198.0
150,192.0
150,193.0
150,184.0
150,218.0
149,217.0
149,170.0
149,193.0
150,193.0
150,211.0
150,194.0
150,191.0
150,185.0
151,192.0
151,170.0
151,178.0
152,163.0
152,165.0
152,171.0
152,171.0
152,175.0
152,175.0
152,176.0
152,163.0
152,175.0
151,181.0
151,173.0
151,184.0
151,172.0
150,170.0
151,160.0
150,186.0
151,148.0
151,174.0
151,152.0
150,170.0
150,137.0
149,147.0
149,155.0
149,150.0
149,153.0
149,161.0
149,153.0
148,146.0
148,156.0
148,170.0
147,147.0
148,147.0
148,185.0
148,195.0
148,159.0
148,175.0
148,148.0
148,166.0
148,158.0
148,162.0
148,153.0
147,157.0
147,158.0
147,159.0
147,168.0
147,179.0
147,180.0
147,169.0
148,195.0
147,183.0
148,184.0
147,181.0
147,169.0
147,177.0
147,159.0
147,172.0
147,178.0
146,179.0
146,176.0
147,175.0
147,181.0
147,191.0
148,180.0
148,190.0
148,186.0
148,181.0
149,179.0
149,194.0
149,182.0
148,197.0
149,179.0
149,183.0
149,190.0
149,195.0
149,190.0
149,191.0
149,183.0
149,176.0
149,177.0
149,180.0
148,191.0
149,183.0
148,167.0
149,171.0
148,171.0
148,216.0
149,123.0
148,165.0
148,188.0
149,172.0
149,156.0
149,170.0
149,173.0
149,242.0
149,191.0
149,174.0
149,188.0
150,165.0
149,190.0
150,207.0
150,215.0
151,208.0
151,198.0
152,221.0
152,221.0
153,234.0
153,229.0
153,223.0
153,232.0
154,239.0
154,239.0
155,239.0
155,224.0
155,241.0
156,238.0
156,245.0
156,246.0
157,242.0
157,242.0
158,228.0
158,228.0
159,239.0
159,232.0
160,244.0
161,246.0
161,245.0
161,215.0
162,189.0
162,179.0
163,217.0
163,177.0
163,185.0
163,190.0
163,166.0
163,166.0
162,160.0
162,161.0
161,158.0
161,164.0
161,159.0
161,127.0
160,145.0
161,154.0
160,169.0
160,188.0
160,159.0
160,169.0
159,171.0
159,165.0
158,165.0
158,169.0
157,173.0
157,174.0
157,182.0
156,169.0
156,145.0
156,165.0
156,154.0
155,173.0
155,169.0
155,162.0
154,185.0
154,174.0
154,176.0
154,159.0
154,168.0
154,154.0
154,178.0
154,158.0
154,157.0
154,148.0
153,159.0
152,150.0
152,158.0
152,143.0
152,169.0
151,162.0
151,139.0
151,144.0
150,155.0
150,141.0
150,146.0
150,172.0
149,172.0
149,178.0
149,174.0
149,177.0
149,176.0
149,156.0
149,190.0
149,174.0
149,178.0
149,185.0
150,185.0
150,190.0
150,177.0
149,184.0
149,192.0
149,188.0
149,171.0
148,185.0
148,196.0
149,188.0
149,193.0
148,203.0
148,186.0
147,191.0
147,200.0
147,186.0
147,206.0
147,206.0
147,220.0
148,197.0
149,207.0
149,207.0
150,231.0
150,227.0
150,197.0
150,180.0
150,200.0
151,184.0
151,221.0
151,215.0
151,196.0
151,193.0
151,201.0
151,190.0
151,194.0
151,195.0
151,194.0
151,224.0
150,196.0
150,194.0
150,204.0
151,194.0
150,195.0
151,189.0
151,184.0
150,186.0
151,172.0
151,181.0
151,172.0
151,177.0
151,197.0
152,191.0
152,199.0
152,165.0
153,170.0
153,180.0
153,195.0
152,185.0
152,191.0
152,196.0
152,198.0
152,206.0
151,207.0
152,180.0
151,189.0
151,191.0
151,141.0
151,195.0
151,170.0
151,200.0
151,185.0
151,189.0
151,198.0
151,198.0
151,208.0
151,189.0
150,202.0
151,184.0
151,204.0
151,187.0
150,190.0
151,194.0
150,201.0
150,194.0
150,197.0
150,179.0
150,242.0
150,210.0
150,213.0
150,195.0
150,204.0
150,224.0
150,223.0
151,202.0
151,211.0
151,206.0
151,196.0
151,194.0
151,197.0
152,216.0
152,216.0
152,230.0
153,219.0
153,219.0
153,211.0
153,211.0
153,207.0
153,198.0
153,207.0
153,200.0
153,200.0
153,214.0
153,227.0
154,204.0
154,211.0
154,212.0
154,200.0
154,211.0
153,211.0
153,203.0
153,203.0
153,203.0
153,181.0
153,213.0
153,209.0
152,220.0
152,205.0
152,196.0
152,192.0
152,183.0
152,204.0
152,197.0
152,196.0
153,213.0
153,193.0
153,198.0
154,203.0
154,218.0
154,206.0
155,203.0
155,208.0
156,186.0
155,178.0
155,197.0
155,182.0
155,178.0
154,188.0
154,195.0
154,182.0
153,174.0
153,158.0
153,158.0
152,190.0
152,197.0
152,189.0
151,184.0
151,168.0
150,199.0
150,197.0
150,211.0
150,190.0
150,188.0
149,186.0
149,202.0
149,204.0
149,195.0
149,188.0
149,190.0
149,176.0
149,196.0
149,208.0
149,210.0
149,217.0
149,208.0
149,180.0
149,198.0
149,181.0
149,184.0
149,205.0
149,194.0
148,193.0
149,194.0
149,185.0
148,187.0
149,198.0
148,174.0
149,181.0
148,177.0
148,178.0
148,185.0
149,189.0
149,186.0
149,129.0
149,169.0
149,169.0
149,170.0
149,178.0
149,175.0
149,180.0
149,182.0
149,168.0
149,193.0
148,191.0
148,191.0
147,195.0
147,188.0
147,188.0
146,188.0
146,210.0
146,187.0
146,187.0
146,187.0
145,169.0
145,167.0
145,164.0
145,185.0
145,185.0
145,186.0
146,177.0
146,152.0
145,168.0
146,183.0
145,182.0
146,166.0
146,163.0
146,163.0
146,168.0
146,168.0
147,166.0
146,175.0
147,154.0
146,158.0
146,153.0
146,179.0
146,167.0
146,176.0
146,178.0
146,181.0
146,172.0
146,160.0
146,165.0
145,169.0
145,180.0
145,167.0
145,164.0
145,167.0
144,179.0
145,167.0
145,160.0
144,167.0
144,158.0
144,154.0
144,170.0
144,170.0
144,169.0
145,171.0
145,178.0
144,172.0
144,156.0
144,171.0
145,161.0
144,155.0
144,170.0
144,167.0
144,168.0
143,180.0
143,165.0
143,154.0
143,155.0
144,193.0
144,200.0
144,198.0
144,184.0
144,188.0
144,169.0
144,181.0
144,182.0
144,171.0
144,185.0
145,185.0
144,192.0
144,194.0
144,190.0
144,178.0
145,206.0
144,203.0
145,203.0
144,187.0
144,192.0
144,195.0
144,186.0
144,203.0
144,207.0
144,177.0
144,190.0
144,204.0
144,206.0
144,189.0
145,191.0
145,191.0
145,218.0
146,218.0
146,194.0
146,201.0
146,201.0
147,191.0
147,201.0
148,200.0
148,213.0
148,245.0
149,222.0
148,220.0
148,215.0
148,219.0
148,201.0
148,177.0
149,180.0
149,176.0
149,130.0
148,148.0
148,134.0
148,135.0
148,151.0
148,158.0
147,118.0
148,125.0
148,146.0
148,156.0
148,141.0
148,133.0
149,134.0
149,128.0
148,119.0
148,147.0
147,216.0
147,160.0
146,151.0
146,143.0
145,141.0
146,220.0
146,141.0
146,132.0
146,111.0
146,119.0
146,109.0
145,109.0
145,102.0
145,4.0
143,4.0
143,19.0
142,45.0
141,169.0
141,197.0
141,168.0
141,169.0
139,169.0
139,172.0
138,153.0
138,163.0
138,144.0
138,144.0
138,197.0
138,201.0
138,173.0
139,178.0
139,211.0
140,186.0
140,184.0
140,167.0
141,181.0
141,193.0
142,201.0
142,202.0
142,195.0
142,217.0
142,203.0
141,197.0
142,197.0
142,193.0
142,186.0
142,178.0
143,178.0
143,192.0
144,208.0
144,213.0
144,180.0
143,220.0
144,197.0
144,203.0
144,177.0
144,200.0
144,238.0
144,202.0
144,219.0
145,217.0
145,224.0
145,250.0
146,227.0
146,219.0
147,242.0
147,235.0
147,266.0
148,266.0
148,219.0
148,237.0
148,227.0
148,211.0
149,205.0
149,213.0
149,221.0
150,221.0
151,225.0
151,227.0
153,222.0
153,243.0
155,243.0
156,229.0
157,231.0
158,229.0
158,234.0
159,236.0
159,245.0
160,244.0
160,243.0
161,226.0
161,238.0
161,235.0
161,230.0
162,236.0
162,237.0
162,241.0
163,251.0
164,230.0
164,232.0
165,218.0
165,229.0
166,231.0
166,223.0
167,232.0
167,239.0
167,242.0
168,239.0
168,230.0
168,231.0
168,255.0
169,255.0
169,258.0
169,274.0
169,235.0
169,255.0
169,234.0
169,239.0
168,160.0
168,165.0
167,163.0
167,189.0
167,172.0
166,177.0
166,179.0
166,176.0
165,156.0
165,162.0
164,170.0
164,173.0
164,175.0
163,170.0
163,166.0
163,214.0
163,190.0
162,202.0
163,184.0
162,168.0
162,198.0
161,177.0
161,186.0
161,194.0
160,180.0
160,201.0
159,191.0
159,187.0
159,164.0
159,189.0
158,175.0
158,190.0
157,200.0
157,229.0
157,212.0
157,256.0
157,225.0
157,223.0
157,211.0
158,178.0
158,205.0
158,208.0
159,193.0
159,201.0
159,200.0
159,263.0
159,218.0
159,239.0
159,204.0
159,199.0
158,272.0
159,220.0
159,162.0
158,201.0
158,183.0
158,178.0
158,202.0
157,183.0
157,173.0
157,179.0
157,197.0
156,186.0
156,191.0
156,173.0
156,184.0
155,190.0
155,176.0
154,183.0
154,196.0
154,192.0
154,192.0
154,200.0
154,190.0
153,197.0
152,205.0
152,204.0
152,206.0
151,212.0
151,209.0
151,214.0
151,208.0
151,217.0
151,217.0
152,203.0
152,234.0
152,210.0
152,188.0
153,295.0
153,241.0
153,207.0
153,224.0
154,240.0
154,206.0
154,241.0
154,241.0
155,223.0
155,223.0
155,275.0
155,240.0
156,226.0
156,209.0
156,210.0
156,172.0
156,156.0
156,239.0
156,243.0
155,234.0
155,243.0
155,223.0
155,213.0
156,204.0
155,203.0
156,210.0
156,256.0
156,256.0
157,208.0
157,199.0
157,188.0
157,189.0
157,206.0
158,145.0
158,264.0
157,209.0
158,233.0
157,186.0
157,189.0
157,186.0
156,187.0
156,202.0
156,224.0
155,206.0
156,185.0
156,185.0
156,171.0
156,195.0
156,198.0
155,199.0
155,186.0
155,195.0
155,191.0
155,191.0
155,216.0
156,209.0
156,230.0
156,182.0
157,180.0
157,189.0
157,175.0
158,170.0
157,170.0
157,196.0
156,185.0
156,209.0
156,162.0
155,158.0
155,163.0
154,160.0
154,144.0
153,235.0
153,225.0
153,160.0
153,166.0
153,158.0
153,141.0
153,150.0
153,155.0
153,195.0
153,163.0
153,177.0
152,179.0
152,179.0
152,190.0
151,187.0
151,215.0
151,210.0
151,207.0
151,266.0
151,221.0
151,178.0
151,208.0
150,147.0
150,179.0
149,154.0
149,193.0
149,221.0
150,243.0
149,211.0
149,203.0
149,189.0
149,190.0
150,185.0
149,192.0
149,185.0
149,210.0
149,206.0
149,210.0
149,216.0
149,215.0
150,214.0
150,204.0
149,218.0
150,208.0
149,199.0
150,184.0
150,165.0
150,17.0
149,79.0
149,235.0
149,212.0
149,182.0
149,194.0
148,163.0
149,124.0
148,156.0
148,157.0
148,168.0
148,117.0
147,0.0
147,0.0
146,0.0
145,2.0
145,0.0
144,0.0
143,0.0
142,0.0
141,1.0
141,169.0
141,309.0
141,317.0
141,321.0
141,295.0
141,275.0
141,241.0
142,218.0
141,241.0
142,228.0
142,208.0
142,215.0
142,223.0
141,221.0
142,202.0
142,220.0
142,218.0
142,221.0
142,224.0
142,180.0
143,206.0
143,206.0
143,215.0
142,227.0
142,217.0
142,222.0
142,237.0
142,225.0
142,226.0
142,226.0
142,241.0
142,248.0
142,221.0
143,228.0
143,218.0
143,222.0
144,229.0
144,225.0
144,221.0
144,230.0
144,234.0
145,222.0
145,236.0
145,230.0
146,231.0
146,229.0
146,232.0
146,222.0
146,229.0
147,229.0
147,231.0
146,222.0
146,211.0
147,214.0
147,215.0
147,217.0
147,223.0
147,218.0
148,205.0
148,200.0
148,214.0
148,235.0
149,234.0
149,218.0
150,210.0
150,205.0
151,205.0
151,195.0
150,207.0
150,188.0
150,209.0
150,216.0
151,210.0
151,211.0
150,216.0
151,220.0
150,211.0
151,208.0
151,228.0
151,201.0
151,196.0
151,206.0
150,212.0
150,212.0
150,216.0
150,199.0
150,205.0
150,190.0
149,193.0
149,194.0
149,209.0
149,201.0
149,195.0
149,190.0
149,200.0
150,202.0
150,208.0
150,178.0
150,200.0
150,141.0
150,200.0
151,189.0
151,179.0
151,203.0
152,202.0
152,214.0
152,214.0
152,168.0
153,196.0
153,177.0
152,177.0
153,164.0
152,171.0
152,169.0
152,167.0
151,166.0
151,167.0
151,170.0
150,163.0
150,163.0
150,178.0
150,178.0
149,178.0
149,134.0
148,126.0
148,185.0
148,216.0
147,240.0
147,239.0
148,234.0
148,212.0
148,140.0
148,216.0
148,202.0
148,203.0
147,205.0
147,211.0
147,212.0
148,218.0
148,191.0
148,211.0
148,211.0
149,207.0
149,212.0
149,218.0
149,220.0
149,218.0
149,227.0
149,246.0
149,200.0
149,242.0
149,236.0
150,228.0
150,219.0
149,230.0
150,260.0
150,244.0
150,255.0
150,261.0
151,263.0
151,263.0
152,262.0
153,259.0
154,284.0
155,275.0
156,278.0
157,283.0
158,256.0
160,261.0
160,261.0
161,258.0
162,250.0
163,262.0
163,272.0
164,274.0
164,277.0
165,273.0
165,283.0
165,286.0
165,299.0
166,269.0
166,255.0
166,230.0
165,221.0
166,227.0
166,200.0
165,195.0
165,216.0
164,202.0
164,196.0
163,208.0
163,208.0
163,177.0
162,192.0
162,195.0
162,181.0
162,196.0
162,197.0
162,216.0
162,219.0
162,201.0
163,194.0
163,228.0
163,187.0
163,187.0
162,174.0
162,180.0
161,173.0
161,184.0
161,189.0
160,196.0
160,223.0
160,202.0
160,190.0
160,181.0
160,187.0
160,177.0
160,177.0
159,185.0
159,187.0
159,190.0
159,201.0
159,186.0
159,189.0
158,193.0
157,204.0
157,228.0
156,209.0
156,210.0
156,225.0
155,225.0
155,229.0
155,227.0
155,230.0
154,205.0
154,257.0
154,221.0
154,209.0
154,234.0
154,235.0
154,218.0
155,222.0
155,210.0
155,205.0
155,213.0
155,214.0
155,215.0
156,210.0
156,206.0
156,198.0
156,209.0
156,157.0
155,190.0
155,179.0
155,264.0
155,216.0
155,205.0
155,202.0
155,199.0
155,212.0
155,197.0
155,195.0
155,199.0
155,185.0
155,210.0
154,132.0
155,164.0
154,159.0
154,171.0
153,150.0
153,258.0
153,197.0
152,166.0
152,190.0
152,162.0
152,175.0
152,175.0
152,158.0
151,173.0
151,172.0
151,187.0
151,164.0
151,159.0
150,176.0
150,186.0
150,212.0
150,186.0
150,216.0
150,202.0
149,194.0
149,180.0
149,207.0
149,186.0
148,188.0
149,184.0
149,191.0
149,190.0
149,203.0
149,191.0
150,177.0
149,197.0
149,190.0
149,183.0
149,200.0
149,159.0
149,174.0
149,244.0
149,204.0
149,212.0
149,149.0
150,212.0
150,236.0
151,195.0
151,195.0
151,201.0
151,237.0
151,215.0
151,188.0
151,209.0
151,198.0
151,208.0
151,222.0
150,239.0
150,238.0
150,225.0
150,240.0
150,248.0
150,243.0
150,234.0
151,219.0
151,272.0
151,264.0
152,250.0
152,252.0
152,238.0
152,254.0
152,249.0
152,194.0
152,207.0
153,213.0
153,239.0
153,227.0
153,213.0
153,219.0
153,242.0
154,237.0
154,223.0
154,220.0
154,256.0
154,250.0
155,244.0
155,244.0
156,244.0
156,249.0
157,195.0
157,226.0
157,262.0
157,196.0
158,207.0
158,206.0
158,195.0
158,198.0
158,218.0
158,207.0
157,242.0
156,240.0
156,218.0
155,220.0
155,236.0
154,220.0
154,221.0
154,232.0
154,232.0
155,257.0
155,180.0
155,186.0
155,205.0
155,200.0
156,201.0
156,207.0
156,220.0
157,213.0
157,232.0
157,272.0
156,236.0
156,232.0
155,228.0
155,231.0
155,233.0
155,227.0
155,233.0
155,232.0
155,231.0
156,217.0
156,224.0
156,230.0
156,242.0
157,217.0
157,211.0
157,204.0
158,217.0
158,196.0
157,202.0
157,207.0
156,227.0
155,204.0
155,206.0
154,209.0
154,215.0
154,209.0
154,197.0
154,204.0
155,194.0
156,190.0
156,194.0
156,183.0
157,188.0
157,182.0
157,186.0
157,193.0
157,181.0
156,181.0
156,192.0
156,176.0
155,185.0
155,191.0
155,202.0
154,198.0
154,186.0
155,211.0
155,204.0
155,214.0
155,202.0
154,200.0
154,225.0
154,154.0
154,195.0
153,202.0
153,219.0
152,205.0
152,217.0
152,225.0
152,225.0
152,243.0
152,231.0
152,241.0
153,245.0
154,244.0
154,246.0
154,236.0
154,237.0
154,221.0
153,229.0
154,218.0
153,213.0
154,213.0
153,233.0
153,229.0
153,214.0
153,212.0
153,178.0
153,199.0
153,188.0
153,186.0
154,194.0
154,194.0
154,198.0
155,205.0
155,206.0
155,202.0
155,202.0
155,205.0
155,194.0
155,210.0
154,195.0
154,204.0
154,224.0
154,214.0
154,153.0
154,198.0
154,191.0
154,202.0
153,198.0
153,212.0
153,220.0
152,221.0
152,224.0
152,205.0
152,219.0
152,210.0
152,196.0
152,207.0
152,198.0
151,202.0
151,194.0
151,193.0
150,204.0
151,192.0
151,188.0
151,184.0
151,185.0
151,185.0
151,195.0
150,210.0
150,202.0
151,196.0
151,187.0
151,170.0
150,215.0
150,191.0
151,190.0
150,187.0
151,188.0
151,196.0
151,189.0
150,214.0
150,215.0
151,215.0
151,220.0
151,207.0
152,198.0
152,200.0
152,215.0
152,219.0
153,224.0
153,219.0
153,244.0
154,207.0
154,211.0
154,196.0
154,201.0
153,215.0
153,219.0
153,206.0
153,206.0
153,213.0
153,222.0
153,209.0
153,205.0
153,227.0
152,244.0
152,244.0
153,184.0
153,190.0
153,179.0
152,181.0
152,192.0
152,216.0
153,206.0
153,218.0
153,229.0
153,200.0
153,173.0
153,198.0
153,210.0
153,210.0
153,214.0
154,224.0
154,239.0
155,228.0
155,226.0
155,233.0
155,215.0
155,226.0
155,220.0
155,230.0
155,213.0
154,232.0
154,222.0
154,225.0
154,225.0
154,225.0
154,232.0
154,236.0
154,223.0
154,236.0
154,240.0
153,250.0
153,250.0
153,258.0
153,268.0
154,255.0
153,263.0
154,257.0
153,237.0
154,291.0
153,295.0
154,218.0
154,257.0
154,244.0
154,233.0
155,247.0
155,251.0
155,256.0
154,239.0
155,233.0
155,237.0
155,213.0
155,200.0
156,188.0
155,162.0
155,171.0
155,121.0
154,167.0
154,220.0
154,191.0
154,156.0
154,210.0
154,208.0
154,188.0
155,201.0
154,194.0
154,204.0
154,208.0
154,191.0
154,189.0
154,194.0
154,186.0
154,184.0
154,201.0
154,180.0
154,192.0
153,192.0
153,210.0
153,195.0
152,202.0
153,200.0
152,195.0
152,207.0
152,191.0
152,206.0
153,203.0
153,197.0
153,200.0
153,214.0
153,207.0
153,201.0
153,213.0
152,205.0
152,192.0
151,204.0
151,215.0
151,207.0
151,223.0
150,199.0
150,198.0
150,214.0
149,214.0
149,197.0
149,198.0
148,193.0
148,188.0
148,194.0
148,196.0
148,210.0
148,193.0
149,202.0
149,217.0
149,207.0
149,217.0
150,207.0
150,215.0
150,223.0
150,229.0
149,211.0
149,215.0
149,207.0
149,208.0
149,206.0
149,218.0
149,214.0
149,219.0
149,207.0
150,199.0
149,234.0
150,211.0
150,215.0
150,223.0
150,206.0
150,228.0
150,184.0
150,191.0
150,204.0
150,209.0
150,209.0
150,216.0
150,216.0
150,224.0
150,213.0
150,217.0
151,226.0
151,214.0
152,216.0
152,224.0
152,220.0
152,223.0
153,254.0
152,217.0
152,220.0
152,221.0
152,232.0
152,210.0
153,225.0
153,231.0
153,217.0
153,229.0
154,218.0
154,223.0
154,222.0
154,230.0
154,216.0
154,212.0
154,224.0
153,214.0
153,206.0
153,233.0
153,223.0
153,225.0
153,215.0
152,208.0
152,233.0
152,223.0
151,230.0
151,217.0
151,194.0
151,210.0
151,203.0
151,210.0
151,208.0
151,198.0
151,192.0
152,209.0
152,200.0
152,197.0
152,190.0
152,206.0
152,229.0
153,216.0
153,219.0
153,220.0
152,222.0
153,217.0
152,212.0
153,201.0
153,197.0
153,199.0
153,214.0
153,209.0
153,230.0
152,215.0
152,194.0
152,190.0
151,193.0
151,193.0
150,200.0
150,210.0
149,195.0
149,200.0
149,199.0
149,206.0
149,225.0
148,209.0
149,206.0
148,209.0
148,205.0
147,203.0
148,204.0
147,210.0
148,209.0
148,214.0
148,212.0
148,184.0
148,195.0
148,195.0
148,200.0
149,202.0
148,194.0
149,204.0
148,207.0
148,208.0
149,289.0
149,215.0
149,197.0
149,198.0
149,173.0
148,173.0
149,206.0
149,213.0
148,230.0
149,220.0
149,221.0
149,203.0
149,203.0
150,198.0
150,227.0
150,224.0
151,222.0
151,204.0
152,216.0
152,215.0
152,212.0
152,199.0
152,206.0
152,192.0
151,218.0
151,234.0
151,215.0
151,202.0
151,210.0
150,231.0
151,229.0
151,222.0
151,216.0
151,226.0
151,227.0
151,230.0
151,227.0
151,233.0
152,239.0
152,233.0
152,248.0
152,247.0
153,242.0
153,230.0
153,228.0
153,243.0
154,243.0
153,234.0
153,272.0
153,231.0
153,224.0
153,216.0
153,209.0
153,205.0
153,205.0
153,214.0
152,244.0
153,223.0
153,210.0
153,228.0
153,196.0
153,184.0
153,186.0
153,182.0
153,186.0
153,195.0
153,180.0
152,207.0
153,198.0
153,157.0
152,186.0
152,178.0
152,164.0
151,164.0
151,126.0
151,94.0
150,162.0
150,185.0
150,202.0
150,218.0
150,216.0
150,195.0
150,191.0
151,185.0
150,197.0
150,179.0
150,194.0
149,204.0
149,206.0
149,212.0
149,206.0
149,198.0
150,210.0
150,211.0
149,194.0
149,232.0
149,221.0
150,197.0
149,197.0
149,195.0
149,190.0
149,192.0
149,200.0
149,206.0
149,207.0
150,230.0
149,238.0
150,225.0
149,227.0
150,219.0
149,219.0
150,224.0
150,215.0
150,237.0
150,230.0
151,241.0
151,222.0
151,225.0
152,226.0
152,220.0
152,226.0
152,229.0
152,229.0
151,225.0
151,218.0
151,222.0
151,218.0
150,222.0
151,235.0
150,217.0
150,218.0
150,227.0
150,215.0
150,266.0
150,218.0
150,226.0
150,217.0
151,213.0
151,197.0
151,211.0
151,221.0
152,219.0
152,216.0
153,211.0
153,227.0
153,210.0
153,204.0
153,217.0
153,212.0
153,217.0
153,237.0
152,222.0
153,220.0
153,229.0
153,231.0
152,223.0
153,208.0
152,203.0
152,239.0
152,214.0
152,222.0
152,218.0
152,212.0
151,222.0
152,223.0
152,204.0
152,214.0
153,210.0
153,188.0
153,219.0
154,210.0
154,210.0
154,198.0
155,196.0
155,200.0
155,213.0
154,225.0
154,203.0
154,194.0
154,193.0
154,203.0
154,219.0
153,216.0
153,224.0
153,221.0
154,227.0
154,204.0
154,214.0
154,208.0
154,205.0
154,205.0
154,230.0
154,211.0
154,202.0
154,198.0
154,203.0
155,202.0
154,204.0
154,204.0
154,213.0
154,196.0
154,210.0
153,210.0
153,189.0
153,187.0
153,187.0
153,195.0
152,197.0
152,208.0
152,197.0
152,195.0
153,206.0
152,219.0
152,220.0
152,225.0
152,231.0
153,233.0
153,241.0
153,240.0
153,243.0
153,235.0
154,237.0
154,236.0
154,227.0
154,246.0
154,256.0
154,181.0
154,241.0
154,218.0
154,232.0
154,232.0
155,221.0
155,239.0
155,229.0
155,237.0
155,235.0
156,244.0
155,269.0
155,209.0
155,229.0
155,262.0
155,248.0
155,238.0
156,262.0
156,244.0
156,243.0
156,250.0
157,250.0
157,237.0
157,228.0
158,243.0
158,229.0
158,233.0
158,241.0
158,224.0
159,227.0
159,222.0
159,233.0
160,237.0
160,237.0
161,259.0
162,277.0
162,191.0
162,244.0
163,233.0
164,220.0
164,221.0
164,276.0
165,213.0
165,224.0
165,232.0
165,228.0
165,236.0
165,214.0
164,234.0
164,241.0
164,241.0
164,224.0
164,225.0
163,209.0
163,231.0
163,221.0
163,221.0
163,235.0
163,222.0
163,224.0
163,189.0
163,198.0
163,193.0
163,191.0
163,156.0
162,194.0
162,154.0
162,193.0
162,202.0
162,178.0
162,179.0
162,184.0
162,203.0
161,172.0
161,172.0
161,169.0
161,168.0
161,132.0
161,132.0
161,144.0
160,134.0
160,125.0
160,121.0
159,162.0
158,113.0
158,106.0
157,126.0
156,138.0
156,146.0
155,159.0
154,156.0
154,208.0
154,189.0
153,195.0
153,187.0
153,202.0
153,199.0
152,212.0
152,196.0
152,199.0
152,223.0
152,208.0
152,193.0
151,237.0
151,221.0
152,228.0
152,207.0
152,207.0
152,209.0
152,230.0
152,221.0
152,221.0
152,223.0
152,219.0
152,216.0
152,224.0
152,212.0
152,225.0
152,228.0
153,229.0
152,220.0
152,222.0
152,234.0
152,215.0
152,193.0
152,207.0
152,194.0
152,195.0
152,205.0
152,225.0
152,215.0
152,219.0
152,196.0
152,176.0
152,182.0
152,202.0
152,207.0
152,196.0
152,196.0
153,190.0
152,167.0
152,178.0
152,219.0
152,173.0
152,170.0
152,202.0
152,210.0
152,208.0
153,207.0
153,173.0
152,142.0
153,142.0
152,124.0
152,0.0
151,0.0
150,0.0
150,0.0
149,40.0
148,278.0
148,240.0
149,203.0
148,190.0
149,161.0
148,153.0
148,135.0
147,163.0
147,152.0
146,156.0
146,187.0
146,196.0
146,188.0
146,178.0
146,172.0
147,189.0
146,183.0
146,190.0
146,205.0
146,179.0
146,191.0
146,185.0
145,189.0
145,189.0
145,191.0
146,182.0
146,194.0
146,198.0
146,194.0
146,194.0
147,201.0
147,203.0
147,189.0
147,199.0
147,199.0
147,199.0
147,198.0
147,193.0
148,199.0
148,213.0
148,215.0
148,219.0
148,215.0
149,211.0
149,152.0
148,227.0
149,237.0
149,217.0
149,212.0
149,278.0
149,190.0
149,199.0
150,219.0
150,217.0
150,190.0
150,211.0
151,196.0
151,197.0
151,197.0
151,178.0
151,176.0
151,168.0
151,164.0
151,185.0
152,188.0
151,169.0
152,195.0
151,182.0
152,190.0
151,189.0
151,182.0
151,226.0
150,244.0
150,196.0
150,0.0
149,0.0
149,0.0
148,0.0
148,29.0
148,291.0
148,329.0
148,200.0
147,5.0
147,5.0
146,6.0
145,162.0
145,255.0
144,347.0
145,333.0
145,338.0
145,300.0
145,274.0
146,260.0
146,268.0
146,259.0
147,242.0
147,203.0
148,246.0
148,179.0
149,272.0
149,218.0
150,272.0
150,270.0
150,281.0
151,260.0
151,269.0
152,276.0
152,229.0
152,279.0
152,261.0
153,264.0
153,262.0
153,273.0
154,260.0
155,260.0
155,251.0
156,266.0
157,250.0
158,261.0
158,286.0
159,236.0
159,267.0
160,301.0
160,233.0
160,257.0
160,257.0
160,297.0
160,278.0
160,249.0
160,267.0
160,251.0
161,254.0
161,268.0
161,271.0
161,281.0
161,286.0
162,268.0
162,276.0
162,279.0
162,292.0
162,288.0
162,275.0
162,273.0
163,276.0
163,285.0
164,273.0
165,246.0
165,292.0
165,295.0
166,252.0
166,290.0
166,277.0
166,257.0
167,266.0
166,253.0
167,256.0
167,258.0
167,229.0
166,248.0
166,261.0
166,240.0
166,242.0
166,299.0
166,278.0
167,304.0
166,302.0
167,274.0
167,286.0
167,215.0
167,220.0
167,224.0
166,119.0
166,23.0
166,208.0
166,194.0
165,294.0
165,317.0
165,266.0
165,318.0
165,257.0
165,226.0
164,184.0
164,151.0
164,172.0
164,133.0
163,118.0
163,91.0
162,0.0
161,0.0
160,0.0
159,1.0
158,21.0
157,2.0
156,2.0
155,2.0
153,13.0
152,13.0
151,13.0
150,0.0
149,0.0
148,0.0
149,0.0
114,
112,0.0
109,
110,92.0
110,4.0
110,4.0
110,4.0
110,45.0
108,75.0
108,75.0
108,113.0
108,174.0
108,188.0
109,211.0
111,250.0
111,203.0
113,195.0
115,188.0
116,203.0
117,201.0
118,197.0
119,209.0
121,214.0
122,201.0
123,206.0
123,199.0
124,202.0
125,201.0
125,208.0
126,219.0
127,206.0
127,209.0
128,222.0
129,207.0
130,192.0
131,213.0
132,190.0
133,180.0
133,132.0
135,184.0
135,161.0
136,137.0
136,154.0
135,156.0
135,166.0
135,189.0
135,223.0
136,137.0
136,172.0
136,181.0
136,192.0
136,184.0
136,205.0
136,191.0
136,188.0
136,215.0
136,217.0
136,198.0
136,195.0
136,188.0
136,173.0
136,121.0
136,110.0
135,206.0
135,190.0
135,190.0
135,180.0
135,184.0
134,150.0
134,123.0
134,140.0
134,127.0
133,133.0
133,130.0
133,153.0
133,142.0
132,116.0
132,124.0
132,49.0
132,0.0
132,0.0
131,0.0
130,0.0
129,0.0
128,0.0
127,0.0
126,0.0
125,0.0
125,0.0
123,0.0
122,0.0
121,0.0
120,0.0
118,0.0
117,0.0
115,0.0
113,0.0
112,0.0
110,0.0
108,0.0
107,1.0
107,109.0
108,134.0
109,96.0
109,20.0
109,91.0
109,91.0
108,35.0
107,35.0
107,31.0
107,176.0
108,277.0
109,280.0
110,284.0
112,269.0
113,249.0
114,257.0
117,254.0
118,254.0
120,234.0
121,253.0
122,226.0
122,226.0
123,263.0
124,252.0
125,252.0
125,233.0
126,250.0
126,247.0
127,229.0
127,223.0
127,220.0
128,233.0
128,241.0
129,211.0
129,223.0
129,234.0
130,227.0
130,214.0
130,224.0
131,241.0
131,244.0
131,253.0
132,250.0
132,251.0
132,223.0
133,254.0
133,214.0
134,82.0
134,108.0
133,114.0
134,154.0
133,226.0
134,210.0
133,218.0
133,205.0
133,238.0
133,245.0
133,210.0
134,267.0
134,266.0
135,243.0
136,244.0
137,235.0
138,220.0
138,224.0
139,203.0
140,212.0
141,211.0
141,200.0
141,223.0
142,202.0
142,203.0
141,185.0
141,205.0
141,176.0
142,223.0
142,198.0
142,180.0
141,175.0
141,170.0
141,178.0
141,173.0
141,165.0
141,157.0
140,159.0
140,152.0
140,152.0
140,165.0
139,165.0
139,232.0
139,220.0
138,221.0
138,183.0
138,207.0
138,204.0
138,187.0
138,187.0
138,182.0
138,199.0
138,199.0
138,199.0
138,198.0
138,200.0
138,205.0
138,203.0
138,180.0
138,180.0
138,173.0
138,197.0
138,206.0
139,177.0
139,288.0
139,250.0
139,204.0
139,161.0
139,176.0
140,199.0
140,215.0
140,198.0
140,216.0
140,206.0
141,201.0
141,196.0
142,203.0
142,203.0
142,207.0
141,215.0
141,201.0
141,211.0
140,208.0
140,174.0
140,175.0
139,187.0
139,188.0
139,180.0
140,198.0
139,188.0
140,201.0
139,190.0
139,198.0
139,196.0
140,206.0
139,201.0
139,220.0
139,216.0
140,225.0
139,211.0
140,175.0
139,147.0
140,166.0
139,175.0
139,183.0
139,189.0
139,217.0
139,216.0
139,198.0
139,178.0
139,181.0
139,193.0
139,169.0
140,138.0
139,169.0
139,137.0
139,146.0
138,157.0
138,130.0
137,147.0
137,148.0
137,117.0
136,100.0
136,159.0
137,162.0
136,195.0
136,153.0
136,134.0
136,122.0
135,127.0
135,140.0
135,136.0
135,135.0
134,138.0
134,149.0
134,153.0
135,169.0
134,194.0
134,178.0
134,227.0
133,226.0
133,217.0
133,281.0
133,255.0
133,237.0
134,238.0
134,204.0
134,158.0
134,198.0
134,205.0
135,213.0
135,202.0
135,207.0
136,220.0
136,220.0
136,224.0
136,244.0
136,244.0
136,236.0
136,237.0
137,219.0
137,222.0
137,222.0
137,224.0
138,240.0
138,255.0
138,216.0
138,218.0
138,213.0
138,193.0
139,194.0
139,201.0
139,190.0
140,180.0
139,173.0
140,204.0
140,182.0
140,192.0
140,216.0
141,201.0
140,210.0
140,189.0
141,170.0
140,142.0
140,110.0
140,19.0
140,33.0
139,33.0
139,220.0
139,219.0
139,199.0
138,112.0
137,138.0
137,178.0
136,219.0
136,213.0
135,228.0
135,225.0
135,225.0
135,223.0
135,217.0
136,209.0
136,214.0
136,219.0
137,214.0
138,205.0
138,215.0
139,214.0
139,223.0
139,223.0
139,213.0
139,230.0
139,102.0
139,197.0
139,228.0
139,205.0
139,215.0
140,207.0
140,208.0
140,191.0
139,212.0
139,192.0
139,192.0
140,205.0
140,205.0
141,202.0
141,192.0
141,208.0
142,220.0
142,198.0
143,206.0
143,194.0
143,201.0
143,192.0
142,198.0
142,196.0
142,193.0
142,218.0
142,199.0
142,194.0
142,187.0
142,196.0
142,178.0
142,197.0
142,201.0
142,200.0
142,208.0
141,204.0
141,211.0
141,209.0
142,217.0
141,215.0
142,238.0
141,237.0
142,237.0
142,182.0
142,233.0
142,220.0
142,217.0
142,220.0
142,217.0
142,226.0
142,217.0
143,223.0
143,235.0
143,239.0
143,230.0
144,233.0
144,229.0
144,228.0
144,220.0
144,224.0
144,218.0
144,218.0
144,225.0
144,248.0
144,283.0
143,261.0
143,246.0
144,232.0
144,228.0
143,248.0
144,244.0
144,252.0
144,238.0
144,250.0
144,248.0
144,255.0
144,260.0
144,233.0
144,243.0
144,228.0
144,224.0
144,211.0
144,222.0
144,227.0
145,231.0
145,242.0
145,225.0
145,219.0
145,226.0
146,237.0
146,234.0
146,233.0
146,224.0
146,228.0
147,234.0
147,225.0
147,214.0
148,206.0
148,219.0
148,236.0
147,233.0
148,224.0
148,232.0
148,237.0
149,233.0
149,235.0
149,240.0
149,246.0
149,245.0
150,234.0
150,231.0
150,213.0
150,210.0
150,219.0
150,221.0
150,233.0
150,234.0
150,239.0
150,231.0
150,229.0
150,229.0
150,237.0
149,230.0
149,236.0
149,233.0
149,232.0
149,235.0
149,221.0
149,227.0
150,237.0
150,243.0
150,238.0
150,244.0
150,235.0
150,237.0
150,214.0
150,213.0
150,223.0
150,217.0
150,224.0
150,230.0
151,235.0
151,239.0
151,233.0
151,238.0
151,235.0
151,236.0
151,210.0
151,210.0
152,220.0
152,219.0
152,218.0
151,215.0
151,236.0
151,221.0
152,223.0
151,219.0
152,238.0
152,232.0
151,234.0
151,229.0
151,244.0
150,228.0
151,233.0
150,220.0
151,222.0
150,227.0
151,236.0
151,220.0
152,230.0
151,230.0
152,221.0
151,213.0
151,222.0
151,214.0
151,211.0
151,208.0
151,208.0
151,217.0
151,241.0
151,232.0
151,222.0
151,242.0
151,219.0
151,208.0
151,217.0
151,214.0
151,204.0
150,220.0
150,215.0
149,218.0
148,215.0
148,223.0
148,239.0
147,240.0
147,249.0
146,239.0
146,234.0
146,229.0
145,237.0
146,232.0
146,173.0
147,186.0
147,206.0
147,233.0
147,235.0
147,219.0
147,248.0
146,284.0
146,296.0
146,362.0
145,362.0
146,364.0
146,258.0
146,265.0
146,265.0
147,236.0
147,216.0
147,224.0
148,235.0
148,214.0
149,207.0
149,174.0
149,220.0
150,212.0
150,217.0
150,220.0
150,237.0
151,234.0
151,222.0
151,213.0
151,222.0
151,248.0
151,250.0
151,214.0
151,145.0
151,148.0
151,194.0
152,184.0
152,163.0
152,184.0
152,179.0
152,171.0
152,178.0
152,179.0
151,183.0
151,187.0
152,188.0
151,189.0
151,173.0
150,181.0
150,184.0
149,175.0
149,183.0
148,183.0
148,185.0
148,183.0
148,183.0
149,184.0
148,176.0
149,193.0
149,185.0
148,186.0
148,194.0
149,192.0
148,201.0
148,197.0
148,202.0
147,195.0
147,186.0
147,194.0
147,170.0
147,174.0
147,182.0
147,199.0
148,186.0
148,180.0
148,175.0
148,185.0
148,194.0
147,173.0
147,180.0
146,201.0
146,202.0
145,210.0
145,208.0
145,199.0
145,200.0
145,243.0
145,183.0
144,180.0
145,189.0
145,188.0
144,195.0
145,213.0
145,211.0
145,207.0
146,229.0
146,237.0
146,253.0
146,209.0
147,209.0
147,222.0
147,226.0
147,222.0
147,228.0
147,218.0
147,219.0
147,231.0
147,226.0
147,212.0
147,212.0
147,208.0
148,236.0
148,218.0
148,223.0
148,206.0
148,223.0
148,217.0
149,220.0
149,231.0
149,230.0
149,217.0
149,218.0
149,208.0
148,217.0
148,202.0
148,229.0
148,216.0
148,209.0
148,182.0
148,207.0
148,191.0
148,194.0
148,174.0
148,169.0
149,157.0
148,174.0
148,187.0
148,198.0
148,199.0
148,206.0
148,216.0
148,196.0
148,191.0
148,180.0
149,202.0
149,171.0
149,193.0
148,194.0
148,203.0
148,184.0
147,214.0
147,206.0
147,198.0
147,202.0
147,222.0
147,215.0
147,218.0
147,203.0
147,211.0
147,203.0
147,207.0
147,203.0
148,200.0
148,218.0
148,210.0
148,207.0
148,203.0
147,213.0
147,228.0
147,194.0
147,201.0
147,210.0
147,205.0
148,209.0
148,208.0
148,205.0
149,207.0
149,203.0
149,212.0
149,214.0
149,215.0
150,217.0
149,215.0
149,219.0
150,226.0
149,218.0
149,218.0
149,218.0
149,216.0
149,197.0
149,192.0
149,201.0
149,206.0
149,218.0
149,218.0
149,220.0
149,222.0
149,226.0
149,219.0
150,228.0
150,223.0
150,236.0
150,232.0
150,232.0
150,238.0
151,228.0
150,236.0
151,241.0
150,244.0
151,250.0
151,255.0
151,256.0
151,258.0
152,261.0
152,237.0
151,246.0
152,228.0
151,220.0
152,212.0
151,224.0
151,213.0
151,230.0
151,239.0
151,221.0
152,221.0
152,219.0
151,210.0
151,213.0
151,209.0
152,223.0
151,236.0
152,217.0
151,236.0
152,199.0
151,224.0
151,177.0
151,215.0
150,200.0
150,193.0
149,180.0
149,180.0
149,184.0
149,173.0
149,189.0
149,179.0
149,174.0
149,174.0
149,163.0
148,171.0
148,233.0
148,193.0
148,158.0
148,180.0
148,174.0
147,205.0
148,208.0
148,174.0
147,169.0
147,176.0
147,159.0
147,172.0
147,168.0
147,168.0
147,168.0
148,193.0
148,117.0
149,160.0
150,143.0
150,167.0
151,161.0
151,148.0
150,150.0
150,139.0
149,143.0
147,149.0
146,157.0
145,144.0
144,136.0
144,141.0
144,149.0
144,149.0
143,164.0
143,159.0
142,171.0
142,191.0
142,201.0
142,191.0
142,191.0
141,165.0
141,190.0
140,203.0
140,188.0
140,203.0
140,200.0
139,176.0
139,195.0
139,188.0
139,198.0
139,198.0
139,209.0
139,209.0
139,234.0
140,234.0
140,215.0
140,226.0
140,222.0
141,222.0
142,241.0
143,237.0
143,232.0
144,229.0
145,255.0
146,245.0
147,257.0
147,237.0
148,244.0
148,245.0
149,238.0
150,239.0
151,243.0
151,243.0
152,221.0
152,236.0
152,241.0
152,243.0
153,212.0
153,215.0
153,215.0
153,225.0
154,225.0
153,208.0
153,178.0
153,175.0
153,174.0
153,175.0
153,175.0
153,181.0
154,172.0
153,175.0
153,170.0
153,166.0
152,167.0
152,174.0
152,172.0
152,181.0
152,171.0
152,178.0
152,161.0
152,194.0
152,185.0
151,168.0
151,163.0
150,179.0
150,181.0
150,169.0
149,189.0
149,176.0
149,187.0
149,210.0
149,144.0
148,205.0
148,225.0
147,71.0
146,211.0
146,213.0
145,220.0
146,216.0
145,220.0
145,216.0
145,232.0
145,244.0
145,244.0
145,228.0
145,249.0
144,217.0
145,211.0
145,225.0
145,236.0
145,229.0
146,229.0
146,224.0
146,235.0
147,243.0
147,240.0
148,236.0
148,234.0
148,242.0
149,250.0
150,244.0
150,256.0
151,257.0
152,252.0
152,248.0
153,251.0
153,300.0
154,277.0
154,223.0
154,217.0
154,231.0
154,233.0
154,218.0
154,168.0
154,208.0
154,162.0
154,134.0
153,0.0
153,0.0
153,0.0
152,0.0
151,1.0
150,106.0
149,187.0
148,279.0
148,246.0
148,226.0
147,207.0
147,172.0
146,169.0
146,189.0
147,179.0
146,173.0
147,188.0
147,200.0
148,194.0
148,192.0
148,210.0
148,205.0
148,207.0
147,216.0
147,217.0
146,211.0
146,203.0
146,212.0
146,225.0
145,217.0
146,217.0
146,227.0
146,210.0
146,215.0
146,216.0
147,207.0
147,224.0
147,218.0
148,229.0
148,216.0
148,218.0
148,227.0
148,228.0
147,234.0
147,225.0
147,233.0
146,234.0
146,233.0
147,242.0
147,229.0
147,247.0
147,232.0
148,224.0
148,242.0
148,236.0
148,218.0
148,217.0
148,219.0
147,224.0
147,207.0
147,208.0
146,233.0
146,206.0
146,199.0
146,199.0
146,210.0
146,230.0
147,238.0
147,208.0
147,208.0
147,218.0
147,218.0
147,72.0
146,146.0
147,224.0
146,203.0
146,212.0
146,193.0
146,174.0
145,188.0
145,188.0
145,161.0
145,174.0
145,185.0
145,168.0
145,182.0
145,190.0
145,206.0
145,191.0
145,217.0
144,201.0
144,218.0
145,214.0
145,209.0
145,213.0
145,202.0
145,184.0
145,204.0
145,208.0
145,214.0
145,201.0
145,206.0
146,217.0
146,215.0
146,228.0
147,230.0
147,221.0
148,207.0
148,214.0
148,226.0
148,200.0
148,216.0
148,205.0
147,209.0
148,193.0
147,206.0
147,192.0
147,200.0
146,193.0
146,196.0
146,202.0
145,202.0
145,195.0
145,195.0
144,212.0
144,221.0
144,203.0
143,227.0
143,213.0
143,201.0
143,201.0
144,205.0
143,217.0
143,210.0
143,204.0
144,207.0
144,213.0
144,225.0
144,236.0
144,229.0
145,250.0
145,232.0
145,237.0
146,244.0
147,148.0
146,206.0
146,249.0
146,238.0
146,238.0
146,227.0
146,241.0
146,240.0
147,252.0
147,146.0
147,210.0
148,234.0
148,205.0
148,216.0
148,226.0
148,224.0
147,229.0
147,220.0
147,213.0
148,234.0
148,228.0
147,229.0
148,241.0
148,255.0
148,228.0
148,219.0
149,237.0
149,232.0
149,237.0
149,236.0
149,226.0
149,227.0
149,245.0
150,242.0
149,242.0
150,253.0
150,255.0
150,263.0
150,256.0
150,242.0
150,258.0
151,237.0
151,251.0
152,249.0
152,207.0
152,228.0
152,243.0
153,229.0
153,224.0
153,226.0
153,234.0
153,237.0
153,223.0
153,218.0
153,234.0
152,237.0
153,237.0
152,231.0
153,236.0
152,259.0
153,227.0
152,246.0
152,211.0
152,236.0
152,250.0
152,219.0
152,172.0
152,296.0
151,269.0
151,256.0
151,287.0
152,251.0
152,233.0
152,199.0
152,184.0
152,118.0
152,203.0
152,232.0
152,239.0
152,235.0
152,235.0
152,229.0
152,210.0
151,210.0
152,203.0
151,203.0
152,210.0
151,185.0
151,188.0
151,202.0
151,219.0
151,237.0
150,238.0
151,214.0
151,204.0
151,157.0
151,157.0
151,112.0
151,216.0
151,216.0
151,195.0
151,211.0
151,192.0
151,192.0
151,198.0
151,194.0
150,198.0
150,192.0
150,213.0
150,201.0
149,201.0
149,204.0
149,201.0
148,211.0
148,217.0
148,188.0
146,208.0
146,208.0
145,195.0
145,213.0
145,219.0
145,219.0
145,228.0
146,219.0
146,220.0
146,232.0
146,227.0
146,218.0
145,227.0
146,241.0
146,190.0
146,197.0
146,209.0
146,202.0
146,210.0
146,204.0
146,198.0
146,186.0
146,172.0
146,163.0
145,166.0
145,167.0
145,155.0
145,178.0
145,177.0
145,198.0
145,180.0
145,193.0
145,182.0
145,211.0
145,188.0
145,130.0
145,170.0
145,180.0
145,183.0
144,173.0
143,203.0
142,181.0
142,187.0
142,168.0
141,170.0
141,168.0
141,155.0
140,161.0
140,178.0
140,170.0
140,174.0
140,178.0
140,179.0
140,194.0
140,205.0
140,194.0
140,189.0
140,189.0
141,189.0
140,174.0
140,176.0
140,185.0
140,185.0
139,188.0
139,169.0
140,162.0
140,157.0
140,156.0
140,148.0
140,137.0
140,146.0
140,159.0
139,127.0
139,110.0
139,90.0
139,90.0
138,0.0
137,0.0
137,0.0
136,0.0
134,0.0
133,14.0
133,163.0
133,163.0
132,137.0
131,120.0
131,137.0
130,4.0
129,4.0
128,4.0
127,0.0
126,0.0
125,0.0
124,1.0
124,0.0
124,0.0
125,0.0
126,0.0
127,0.0
114,
115,0.0
116,35.0
116,196.0
117,154.0
118,124.0
119,100.0
120,179.0
120,124.0
121,42.0
122,42.0
122,93.0
122,28.0
123,28.0
123,309.0
123,320.0
124,170.0
125,120.0
125,30.0
126,132.0
126,123.0
127,90.0
127,86.0
127,2.0
127,2.0
127,2.0
126,8.0
125,8.0
124,8.0
124,215.0
124,177.0
125,126.0
125,106.0
126,84.0
126,105.0
126,104.0
126,119.0
126,120.0
125,109.0
125,97.0
124,87.0
123,98.0
122,129.0
122,154.0
121,162.0
121,142.0
121,112.0
122,132.0
122,189.0
123,189.0
123,184.0
124,181.0
125,87.0
125,72.0
127,90.0
126,95.0
127,75.0
126,63.0
126,66.0
125,0.0
124,0.0
123,0.0
121,0.0
120,0.0
119,0.0
117,0.0
116,10.0
116,122.0
116,71.0
116,4.0
116,4.0
116,56.0
116,96.0
116,68.0
116,102.0
115,134.0
115,115.0
114,116.0
114,126.0
113,139.0
114,127.0
115,139.0
116,93.0
116,89.0
116,72.0
117,87.0
117,67.0
117,68.0
117,63.0
117,0.0
115,0.0
114,0.0
113,0.0
112,0.0
111,0.0
109,11.0
109,143.0
109,119.0
110,73.0
110,0.0
111,0.0
111,0.0
110,0.0
109,35.0
109,63.0
108,0.0
107,0.0
107,0.0
106,0.0
106,0.0
106,0.0
105,0.0
104,0.0
104,0.0
103,0.0
102,0.0
101,0.0
100,0.0
100,0.0
98,0.0
97,0.0
96,0.0
96,0.0
97,0.0
98,0.0
99,0.0
99,0.0
99,0.0
98,0.0
98,0.0
97,0.0
97,0.0
97,90.0
98,216.0
100,155.0
102,154.0
103,166.0
106,138.0
108,184.0
110,183.0
111,191.0
112,167.0
113,207.0
114,193.0
115,214.0
116,212.0
118,196.0
119,226.0
120,264.0
121,208.0
122,238.0
123,228.0
124,232.0
124,252.0
124,209.0
124,224.0
125,219.0
125,205.0
125,209.0
126,193.0
127,186.0
127,180.0
129,166.0
129,159.0
130,152.0
130,167.0
130,173.0
130,149.0
130,154.0
130,172.0
130,114.0
130,109.0
129,91.0
129,0.0
128,0.0
128,0.0
128,0.0
128,0.0
128,0.0
127,0.0
125,0.0
124,80.0
123,125.0
122,120.0
122,112.0
122,88.0
121,92.0
121,5.0
120,5.0
119,5.0
118,60.0
117,0.0
115,0.0
113,0.0
112,0.0
111,0.0
110,1.0
110,47.0
109,73.0
109,35.0
110,74.0
110,109.0
111,109.0
111,132.0
110,118.0
109,103.0
109,92.0
109,93.0
109,91.0
109,88.0
109,0.0
108,0.0
107,0.0
107,0.0
107,0.0
107,0.0
108,0.0
108,0.0
107,0.0
105,0.0
105,0.0
102,0.0
102,0.0
100,0.0
100,0.0
100,0.0
100,8.0
100,88.0
100,0.0
100,0.0
99,0.0
98,0.0
97,0.0
96,1.0
95,10.0
93,10.0
93,133.0
93,240.0
97,250.0
101,212.0
103,208.0
106,204.0
108,179.0
110,184.0
111,117.0
112,117.0
114,142.0
115,131.0
115,115.0
116,85.0
117,75.0
118,0.0
118,0.0
118,0.0
117,0.0
116,1.0
115,48.0
115,82.0
115,0.0
115,0.0
114,0.0
114,0.0
112,0.0
110,0.0
108,0.0
106,0.0
106,56.0
106,67.0
107,113.0
107,48.0
107,48.0
108,118.0
109,136.0
110,151.0
110,143.0
111,131.0
111,93.0
111,94.0
112,98.0
112,135.0
112,129.0
112,0.0
112,0.0
111,0.0
110,0.0
110,20.0
110,167.0
111,171.0
112,156.0
113,181.0
114,166.0
115,164.0
115,171.0
116,181.0
116,163.0
116,149.0
115,149.0
115,134.0
114,136.0
115,135.0
115,159.0
116,163.0
117,183.0
118,173.0
119,177.0
120,141.0
120,116.0
120,97.0
120,84.0
120,170.0
120,200.0
120,191.0
120,188.0
120,199.0
121,190.0
121,166.0
122,175.0
122,175.0
123,174.0
123,180.0
123,145.0
123,159.0
123,164.0
123,183.0
124,194.0
124,168.0
124,154.0
124,153.0
124,104.0
124,113.0
125,132.0
125,140.0
125,125.0
125,108.0
125,121.0
124,117.0
124,125.0
125,127.0
125,117.0
124,128.0
124,112.0
124,131.0
124,126.0
124,150.0
123,153.0
123,159.0
123,177.0
123,174.0
123,192.0
123,171.0
124,218.0
124,185.0
124,184.0
125,173.0
125,177.0
125,149.0
125,169.0
125,169.0
125,178.0
124,178.0
125,175.0
125,197.0
126,124.0
126,183.0
126,196.0
127,170.0
127,184.0
127,137.0
127,152.0
127,133.0
126,141.0
126,139.0
126,125.0
125,111.0
125,116.0
125,100.0
125,98.0
124,94.0
124,113.0
124,95.0
123,94.0
123,103.0
123,91.0
122,86.0
122,86.0
121,90.0
121,90.0
120,101.0
120,92.0
120,88.0
120,69.0
119,77.0
119,0.0
118,0.0
117,0.0
115,0.0
114,0.0
113,0.0
112,0.0
110,1.0
110,84.0
111,209.0
112,232.0
113,231.0
114,212.0
115,194.0
115,176.0
116,169.0
116,160.0
117,146.0
117,134.0
117,107.0
118,115.0
118,108.0
118,101.0
119,115.0
119,99.0
119,130.0
120,116.0
120,165.0
120,135.0
121,128.0
121,115.0
121,111.0
121,113.0
120,119.0
120,128.0
119,119.0
119,124.0
119,118.0
119,145.0
120,132.0
120,122.0
121,109.0
121,106.0
121,106.0
121,0.0
121,0.0
120,0.0
120,0.0
119,0.0
118,0.0
117,0.0
116,0.0
115,81.0
115,191.0
115,169.0
115,139.0
116,120.0
116,108.0
117,102.0
117,2.0
117,2.0
117,2.0
117,2.0
117,2.0
116,0.0
116,0.0
115,0.0
113,0.0
112,0.0
111,0.0
110,0.0
108,0.0
108,0.0
108,0.0
105,9.0
106,236.0
107,337.0
108,305.0
110,261.0
111,248.0
113,203.0
114,179.0
115,206.0
116,201.0
117,201.0
118,202.0
119,160.0
120,184.0
120,168.0
121,173.0
122,165.0
123,135.0
123,121.0
124,121.0
124,205.0
124,107.0
124,107.0
124,173.0
124,201.0
125,178.0
125,178.0
125,152.0
125,149.0
125,156.0
126,186.0
126,168.0
127,150.0
126,155.0
127,163.0
126,156.0
126,156.0
126,127.0
126,121.0
126,205.0
127,167.0
127,239.0
128,159.0
128,181.0
129,191.0
129,182.0
130,170.0
130,179.0
130,169.0
131,183.0
131,164.0
131,170.0
131,178.0
131,174.0
132,166.0
132,166.0
132,172.0
132,177.0
132,195.0
132,176.0
132,171.0
132,173.0
133,178.0
132,184.0
132,185.0
132,182.0
132,173.0
132,169.0
132,162.0
131,164.0
131,177.0
132,175.0
131,189.0
132,183.0
131,181.0
132,166.0
132,172.0
132,163.0
133,172.0
133,181.0
134,175.0
134,192.0
134,182.0
134,199.0
135,192.0
134,185.0
135,190.0
134,174.0
135,198.0
135,195.0
134,170.0
135,188.0
134,205.0
134,192.0
134,187.0
134,187.0
134,194.0
134,194.0
134,186.0
134,187.0
134,176.0
134,180.0
135,187.0
135,173.0
135,173.0
134,192.0
134,173.0
135,173.0
134,175.0
134,181.0
134,183.0
134,190.0
134,158.0
133,165.0
134,173.0
133,168.0
134,176.0
134,155.0
134,148.0
134,136.0
133,150.0
133,144.0
133,144.0
133,142.0
133,148.0
133,143.0
133,156.0
133,187.0
133,184.0
133,150.0
133,172.0
133,180.0
132,193.0
132,180.0
131,170.0
131,182.0
131,182.0
131,163.0
131,171.0
132,173.0
132,173.0
132,170.0
131,170.0
132,173.0
132,174.0
132,176.0
132,173.0
132,181.0
132,197.0
132,191.0
131,184.0
131,180.0
132,182.0
132,180.0
132,188.0
132,189.0
132,180.0
132,177.0
132,176.0
132,180.0
132,180.0
133,168.0
133,166.0
133,169.0
134,169.0
134,174.0
134,175.0
135,183.0
135,174.0
135,164.0
135,169.0
135,184.0
135,183.0
135,166.0
136,188.0
135,164.0
135,172.0
135,182.0
134,160.0
133,160.0
133,180.0
133,175.0
133,182.0
133,182.0
133,181.0
134,181.0
133,169.0
134,187.0
134,179.0
134,190.0
134,173.0
135,181.0
135,183.0
135,180.0
135,182.0
135,179.0
134,162.0
134,162.0
134,162.0
134,166.0
134,176.0
133,192.0
134,185.0
134,184.0
134,191.0
134,190.0
134,156.0
134,190.0
134,197.0
134,200.0
134,199.0
134,188.0
134,196.0
134,214.0
134,221.0
135,230.0
135,246.0
136,246.0
136,251.0
137,222.0
138,231.0
139,149.0
139,180.0
140,187.0
140,171.0
140,166.0
140,193.0
140,140.0
140,190.0
140,243.0
140,199.0
141,209.0
141,205.0
141,193.0
141,202.0
141,243.0
141,201.0
141,225.0
141,229.0
142,250.0
142,182.0
143,203.0
143,164.0
143,161.0
143,107.0
144,77.0
144,74.0
143,74.0
143,11.0
142,11.0
141,139.0
141,263.0
140,263.0
139,197.0
139,160.0
139,139.0
139,143.0
139,143.0
138,125.0
138,116.0
138,112.0
138,0.0
138,0.0
137,0.0
136,0.0
135,0.0
135,0.0
133,93.0
133,210.0
133,213.0
133,192.0
132,171.0
132,143.0
131,119.0
130,0.0
129,0.0
128,0.0
127,0.0
126,0.0
125,0.0
124,0.0
124,0.0
123,1.0
122,85.0
122,220.0
122,199.0
123,162.0
123,124.0
122,102.0
121,110.0
120,121.0
119,154.0
119,137.0
119,132.0
119,119.0
120,96.0
121,0.0
121,0.0
121,0.0
120,0.0
120,0.0
120,0.0
120,1.0
117,20.0
115,20.0
113,20.0
113,228.0
114,275.0
115,248.0
116,248.0
118,241.0
119,247.0
120,237.0
121,208.0
122,201.0
123,217.0
124,208.0
124,191.0
126,181.0
127,167.0
128,176.0
130,176.0
132,213.0
133,174.0
134,177.0
135,174.0
135,176.0
135,193.0
135,196.0
135,204.0
135,206.0
135,198.0
135,198.0
135,207.0
134,201.0
134,204.0
134,206.0
134,193.0
134,213.0
134,212.0
134,202.0
134,212.0
134,201.0
134,204.0
135,208.0
135,216.0
135,156.0
135,213.0
135,195.0
136,189.0
136,197.0
136,196.0
136,183.0
137,185.0
137,186.0
137,187.0
137,191.0
137,207.0
136,188.0
137,192.0
137,192.0
136,203.0
136,223.0
136,218.0
136,214.0
137,209.0
137,208.0
137,211.0
137,203.0
136,201.0
136,207.0
136,188.0
136,200.0
137,197.0
137,189.0
137,199.0
138,194.0
138,194.0
139,194.0
139,196.0
139,200.0
140,190.0
140,190.0
140,189.0
140,214.0
140,197.0
139,186.0
139,186.0
139,186.0
139,196.0
139,191.0
139,214.0
139,195.0
139,204.0
140,198.0
140,220.0
140,195.0
140,194.0
140,201.0
140,205.0
140,204.0
140,204.0
139,191.0
139,213.0
139,192.0
139,205.0
139,193.0
139,200.0
139,195.0
139,185.0
140,195.0
140,197.0
139,197.0
140,207.0
139,206.0
139,204.0
139,202.0
139,193.0
139,197.0
139,204.0
139,206.0
139,193.0
139,192.0
139,201.0
140,196.0
140,195.0
140,194.0
140,194.0
141,201.0
141,199.0
141,190.0
141,190.0
140,181.0
140,205.0
139,204.0
139,209.0
139,194.0
139,202.0
139,189.0
139,191.0
139,196.0
139,191.0
140,200.0
139,189.0
140,198.0
139,207.0
139,196.0
140,194.0
140,204.0
140,199.0
141,198.0
141,203.0
141,203.0
141,214.0
141,200.0
141,203.0
142,198.0
142,186.0
142,204.0
142,203.0
141,184.0
141,184.0
141,179.0
141,180.0
140,195.0
140,159.0
140,172.0
140,174.0
140,161.0
140,157.0
140,167.0
139,187.0
139,164.0
139,168.0
139,168.0
139,186.0
138,188.0
138,184.0
138,157.0
138,190.0
137,167.0
137,211.0
137,211.0
138,179.0
137,169.0
137,154.0
137,170.0
137,169.0
137,166.0
137,166.0
137,166.0
136,175.0
137,173.0
136,164.0
136,148.0
136,169.0
136,162.0
136,159.0
136,159.0
134,169.0
132,177.0
132,133.0
132,102.0
132,0.0
132,0.0
132,0.0
132,0.0
131,0.0
130,0.0
129,50.0
128,101.0
127,141.0
126,235.0
125,241.0
125,139.0
125,212.0
126,220.0
126,200.0
126,133.0
127,184.0
127,176.0
127,186.0
127,197.0
127,164.0
127,168.0
127,170.0
128,170.0
128,172.0
128,171.0
128,170.0
129,197.0
129,181.0
130,176.0
130,169.0
131,179.0
131,197.0
131,194.0
131,187.0
131,200.0
132,164.0
132,177.0
132,186.0
132,184.0
132,173.0
133,191.0
133,200.0
133,196.0
134,196.0
134,188.0
134,187.0
134,182.0
134,177.0
134,186.0
134,192.0
134,179.0
134,206.0
133,205.0
133,213.0
133,196.0
133,160.0
132,168.0
132,182.0
133,167.0
133,165.0
133,169.0
133,179.0
134,189.0
134,181.0
134,178.0
134,179.0
134,192.0
134,211.0
134,216.0
135,184.0
134,195.0
134,198.0
134,185.0
134,205.0
135,206.0
134,204.0
135,194.0
135,202.0
135,203.0
135,204.0
136,209.0
136,210.0
136,209.0
136,206.0
136,200.0
136,204.0
136,218.0
135,205.0
136,219.0
135,208.0
136,194.0
136,203.0
136,199.0
136,189.0
136,204.0
135,211.0
136,214.0
136,226.0
136,226.0
137,214.0
137,209.0
137,219.0
137,215.0
138,214.0
138,220.0
137,223.0
138,223.0
138,190.0
138,199.0
138,212.0
138,189.0
138,202.0
139,201.0
139,204.0
140,204.0
140,205.0
141,216.0
140,206.0
141,225.0
141,220.0
141,223.0
141,228.0
141,220.0
141,220.0
141,215.0
141,205.0
140,216.0
140,230.0
141,219.0
140,221.0
140,214.0
140,214.0
141,210.0
140,210.0
140,206.0
141,228.0
141,202.0
141,210.0
141,209.0
141,215.0
141,205.0
141,209.0
141,209.0
141,220.0
141,216.0
141,207.0
141,207.0
141,207.0
141,213.0
141,214.0
141,221.0
141,219.0
141,226.0
141,226.0
141,227.0
141,213.0
141,208.0
141,221.0
141,213.0
141,208.0
142,215.0
141,220.0
141,228.0
141,227.0
140,222.0
141,235.0
140,230.0
141,209.0
141,207.0
141,198.0
141,210.0
141,199.0
141,212.0
141,210.0
142,214.0
142,219.0
142,202.0
142,204.0
142,223.0
142,230.0
142,228.0
142,248.0
142,258.0
142,255.0
142,230.0
143,210.0
142,210.0
143,193.0
143,201.0
143,213.0
143,208.0
143,225.0
143,225.0
143,219.0
143,215.0
144,203.0
144,217.0
144,172.0
144,208.0
143,209.0
143,207.0
143,197.0
143,203.0
143,191.0
144,195.0
144,178.0
144,178.0
144,187.0
144,187.0
143,200.0
144,182.0
144,199.0
144,189.0
144,179.0
144,194.0
144,170.0
144,195.0
144,179.0
144,194.0
143,203.0
143,203.0
143,204.0
143,194.0
143,181.0
143,206.0
143,188.0
142,192.0
142,195.0
142,205.0
142,209.0
142,211.0
141,224.0
142,229.0
142,221.0
142,206.0
143,187.0
143,207.0
143,205.0
143,211.0
143,215.0
143,216.0
143,218.0
142,217.0
142,204.0
142,204.0
142,205.0
142,202.0
142,198.0
142,220.0
142,195.0
142,198.0
142,207.0
142,210.0
141,199.0
142,237.0
141,220.0
141,223.0
141,221.0
142,215.0
142,215.0
142,213.0
142,214.0
142,219.0
143,222.0
143,207.0
143,211.0
143,214.0
143,215.0
143,201.0
143,199.0
142,206.0
142,199.0
142,193.0
142,207.0
141,203.0
142,203.0
142,200.0
142,221.0
142,207.0
142,207.0
142,210.0
143,217.0
143,200.0
142,194.0
143,203.0
142,192.0
142,146.0
143,156.0
142,135.0
143,233.0
143,149.0
143,182.0
143,109.0
143,105.0
143,137.0
143,135.0
143,146.0
143,141.0
143,140.0
143,134.0
143,132.0
142,116.0
141,130.0
141,139.0
140,129.0
140,135.0
139,144.0
138,186.0
138,203.0
137,202.0
137,160.0
136,160.0
137,119.0
136,0.0
136,0.0
136,0.0
135,0.0
133,0.0
133,21.0
132,110.0
133,181.0
133,189.0
133,173.0
132,155.0
132,143.0
132,117.0
131,115.0
130,121.0
130,123.0
129,101.0
129,2.0
127,2.0
126,37.0
126,108.0
126,143.0
126,186.0
126,205.0
127,202.0
128,205.0
129,225.0
130,235.0
131,219.0
131,199.0
132,204.0
132,172.0
133,133.0
133,141.0
132,188.0
132,186.0
132,177.0
132,182.0
132,204.0
132,219.0
132,190.0
132,200.0
133,199.0
134,215.0
134,201.0
135,217.0
135,208.0
136,202.0
136,196.0
136,202.0
137,177.0
137,195.0
137,190.0
137,195.0
137,226.0
137,218.0
137,198.0
137,187.0
137,203.0
138,212.0
138,219.0
137,212.0
137,225.0
137,223.0
138,218.0
138,238.0
139,214.0
139,226.0
140,228.0
141,230.0
142,221.0
143,209.0
144,209.0
145,208.0
146,197.0
147,188.0
147,192.0
148,213.0
148,184.0
148,209.0
148,226.0
148,211.0
148,203.0
148,168.0
148,224.0
148,229.0
149,229.0
149,239.0
150,248.0
150,240.0
150,229.0
151,265.0
151,173.0
151,231.0
152,182.0
151,194.0
152,165.0
152,168.0
152,181.0
152,179.0
152,184.0
152,186.0
152,182.0
152,187.0
152,192.0
152,204.0
152,204.0
151,208.0
151,198.0
151,198.0
150,202.0
150,195.0
150,185.0
149,183.0
149,180.0
149,190.0
148,184.0
148,194.0
148,185.0
147,190.0
147,189.0
147,201.0
147,206.0
147,205.0
147,211.0
147,209.0
147,211.0
147,226.0
147,211.0
146,230.0
146,226.0
146,208.0
145,206.0
145,201.0
144,233.0
144,189.0
144,201.0
143,215.0
143,186.0
143,176.0
142,185.0
143,173.0
142,172.0
142,181.0
142,201.0
142,184.0
142,200.0
141,177.0
141,186.0
141,197.0
141,191.0
140,197.0
140,192.0
140,183.0
140,180.0
140,201.0
140,206.0
139,220.0
139,211.0
140,211.0
140,216.0
140,186.0
140,173.0
140,192.0
140,192.0
141,188.0
141,205.0
141,214.0
141,170.0
141,216.0
141,183.0
141,180.0
141,179.0
142,174.0
142,178.0
142,178.0
142,163.0
143,167.0
142,155.0
142,200.0
142,190.0
142,184.0
142,185.0
143,180.0
142,177.0
142,163.0
142,193.0
142,210.0
142,158.0
142,188.0
141,176.0
142,163.0
141,172.0
141,173.0
141,170.0
141,194.0
141,190.0
141,195.0
141,197.0
140,185.0
140,188.0
140,173.0
139,171.0
139,174.0
139,171.0
139,163.0
139,200.0
138,202.0
138,164.0
138,170.0
138,168.0
139,194.0
139,231.0
139,210.0
139,208.0
138,168.0
138,166.0
138,167.0
137,199.0
137,195.0
137,169.0
137,170.0
138,154.0
137,168.0
137,165.0
137,148.0
137,153.0
137,144.0
138,162.0
137,170.0
138,171.0
138,171.0
138,176.0
137,184.0
137,167.0
137,158.0
136,165.0
136,100.0
137,100.0
137,105.0
137,104.0
137,0.0
137,0.0
136,0.0
135,0.0
134,0.0
133,0.0
131,0.0
130,126.0
130,290.0
129,300.0
130,286.0
130,293.0
130,283.0
130,254.0
130,266.0
130,266.0
131,258.0
131,220.0
132,231.0
133,222.0
134,222.0
135,142.0
135,196.0
136,185.0
137,191.0
137,189.0
137,184.0
137,169.0
137,173.0
138,0.0
137,0.0
137,0.0
136,0.0
136,0.0
135,0.0
133,1.0
132,0.0
132,0.0
130,0.0
130,0.0
129,0.0
125,
123,149.0
122,175.0
121,175.0
121,80.0
121,342.0
122,287.0
123,256.0
124,242.0
124,182.0
125,182.0
127,173.0
128,167.0
128,167.0
130,152.0
130,140.0
131,109.0
131,127.0
131,145.0
131,154.0
132,139.0
132,151.0
132,149.0
132,112.0
132,126.0
132,132.0
132,127.0
132,132.0
131,129.0
131,112.0
130,117.0
129,107.0
129,108.0
129,117.0
129,131.0
129,146.0
129,96.0
129,0.0
129,0.0
128,0.0
127,2.0
127,44.0
127,109.0
127,15.0
126,15.0
126,121.0
126,150.0
126,119.0
125,120.0
125,147.0
125,123.0
124,128.0
123,133.0
123,144.0
122,146.0
122,145.0
122,145.0
123,142.0
124,144.0
124,133.0
125,153.0
126,149.0
127,155.0
128,131.0
128,132.0
129,140.0
129,123.0
130,131.0
130,137.0
130,141.0
131,131.0
131,131.0
131,165.0
131,163.0
131,152.0
130,157.0
130,166.0
130,173.0
129,173.0
129,176.0
130,175.0
130,203.0
130,185.0
130,172.0
130,198.0
131,185.0
131,191.0
131,195.0
132,198.0
132,199.0
132,203.0
133,210.0
133,203.0
133,199.0
134,191.0
134,186.0
134,198.0
135,201.0
135,194.0
135,190.0
135,194.0
135,202.0
136,218.0
136,209.0
136,198.0
137,191.0
137,183.0
137,185.0
136,196.0
136,198.0
136,168.0
136,152.0
137,155.0
137,192.0
137,159.0
137,181.0
138,173.0
138,177.0
138,185.0
139,194.0
139,197.0
139,194.0
139,195.0
139,201.0
139,206.0
139,206.0
139,215.0
139,208.0
139,211.0
140,216.0
140,206.0
140,199.0
140,185.0
140,185.0
140,196.0
141,210.0
141,208.0
141,198.0
141,198.0
141,205.0
142,206.0
141,214.0
142,209.0
141,221.0
141,212.0
142,216.0
141,175.0
142,192.0
142,193.0
142,209.0
142,178.0
142,185.0
142,181.0
142,170.0
143,129.0
143,144.0
143,145.0
143,147.0
143,151.0
143,152.0
143,153.0
142,151.0
142,162.0
142,156.0
142,151.0
142,151.0
141,156.0
141,158.0
141,162.0
140,156.0
140,159.0
139,151.0
139,159.0
138,153.0
138,146.0
137,149.0
137,148.0
137,143.0
137,143.0
137,137.0
136,134.0
136,145.0
136,139.0
136,134.0
136,154.0
135,170.0
136,195.0
135,184.0
135,184.0
136,168.0
135,184.0
135,179.0
135,197.0
135,191.0
135,191.0
136,213.0
136,171.0
136,149.0
136,149.0
135,146.0
136,156.0
135,163.0
136,173.0
135,162.0
136,183.0
136,176.0
136,190.0
135,166.0
135,157.0
136,183.0
135,194.0
136,198.0
136,212.0
135,210.0
135,204.0
136,200.0
136,184.0
136,181.0
136,184.0
137,174.0
137,181.0
138,195.0
138,206.0
138,220.0
139,216.0
139,217.0
140,206.0
140,201.0
140,203.0
140,206.0
140,201.0
140,211.0
140,208.0
140,200.0
140,186.0
140,159.0
140,164.0
140,124.0
140,106.0
140,117.0
140,126.0
139,102.0
139,117.0
139,107.0
139,0.0
139,0.0
138,0.0
137,0.0
136,0.0
135,0.0
133,0.0
132,0.0
130,0.0
128,1.0
128,0.0
127,0.0
126,0.0
125,2.0
124,161.0
124,330.0
125,330.0
126,264.0
127,257.0
127,270.0
127,257.0
128,211.0
128,210.0
128,214.0
128,196.0
128,186.0
129,209.0
130,212.0
131,229.0
131,190.0
132,193.0
133,194.0
134,210.0
135,100.0
136,100.0
136,184.0
137,188.0
137,197.0
137,192.0
137,196.0
137,174.0
137,213.0
137,165.0
138,158.0
137,248.0
138,157.0
138,162.0
137,157.0
138,179.0
138,189.0
138,193.0
138,196.0
138,190.0
139,207.0
139,195.0
139,198.0
139,204.0
139,215.0
139,212.0
139,194.0
139,200.0
139,192.0
139,199.0
139,199.0
139,183.0
139,188.0
140,209.0
140,134.0
140,149.0
140,158.0
140,152.0
140,142.0
139,146.0
139,138.0
139,119.0
138,127.0
138,129.0
137,120.0
137,132.0
136,139.0
136,164.0
136,165.0
136,186.0
135,196.0
135,184.0
135,198.0
135,195.0
136,206.0
136,195.0
136,204.0
137,204.0
137,203.0
138,186.0
138,183.0
139,173.0
139,184.0
140,188.0
140,185.0
140,192.0
140,185.0
140,185.0
140,189.0
140,184.0
140,191.0
140,198.0
140,208.0
140,196.0
140,198.0
140,232.0
140,263.0
139,203.0
140,198.0
140,210.0
139,210.0
140,208.0
139,182.0
140,203.0
140,196.0
140,213.0
140,201.0
140,190.0
140,203.0
140,196.0
140,192.0
140,218.0
140,283.0
140,179.0
140,187.0
140,178.0
140,161.0
140,177.0
140,168.0
141,182.0
141,176.0
140,169.0
140,169.0
140,163.0
140,150.0
140,150.0
141,151.0
141,117.0
141,112.0
140,34.0
140,0.0
140,0.0
139,0.0
139,72.0
138,228.0
138,168.0
137,184.0
136,192.0
136,190.0
135,162.0
135,153.0
135,142.0
135,116.0
134,86.0
134,111.0
134,105.0
133,114.0
133,128.0
134,125.0
134,136.0
134,145.0
134,143.0
134,164.0
133,178.0
133,173.0
133,177.0
132,165.0
132,170.0
131,184.0
130,178.0
130,174.0
130,145.0
131,135.0
131,186.0
132,179.0
132,191.0
132,190.0
133,207.0
133,201.0
134,176.0
134,189.0
134,213.0
135,217.0
135,199.0
135,241.0
136,224.0
136,205.0
136,266.0
137,266.0
137,282.0
138,268.0
139,234.0
139,225.0
140,228.0
141,248.0
141,251.0
142,272.0
143,220.0
143,169.0
144,200.0
144,176.0
145,166.0
145,175.0
145,157.0
145,171.0
145,134.0
145,173.0
145,185.0
145,176.0
145,160.0
146,160.0
146,155.0
146,152.0
146,152.0
146,181.0
146,174.0
146,192.0
145,179.0
145,163.0
145,179.0
145,194.0
144,197.0
144,196.0
143,213.0
143,208.0
143,175.0
143,197.0
143,195.0
143,178.0
143,174.0
144,180.0
143,172.0
144,183.0
143,190.0
143,176.0
143,143.0
143,157.0
143,153.0
143,149.0
142,143.0
142,124.0
142,142.0
141,137.0
141,122.0
140,138.0
140,131.0
140,105.0
139,192.0
140,230.0
139,157.0
139,149.0
139,112.0
139,150.0
139,123.0
139,124.0
139,123.0
139,120.0
138,128.0
137,115.0
137,113.0
136,100.0
136,108.0
135,87.0
135,95.0
134,84.0
133,90.0
133,93.0
133,94.0
132,106.0
132,100.0
131,96.0
131,152.0
130,96.0
130,91.0
130,118.0
130,100.0
130,89.0
129,102.0
129,92.0
129,90.0
129,90.0
129,91.0
128,98.0
128,97.0
128,114.0
129,148.0
129,152.0
129,115.0
129,96.0
130,145.0
130,154.0
129,158.0
129,162.0
129,151.0
128,147.0
128,159.0
129,138.0
129,126.0
129,35.0
129,3.0
129,0.0
129,0.0
128,0.0
127,0.0
126,0.0
125,0.0
124,13.0
124,200.0
124,261.0
124,260.0
123,261.0
124,251.0
124,254.0
124,211.0
125,200.0
125,206.0
126,199.0
127,212.0
128,202.0
129,186.0
130,180.0
130,182.0
131,171.0
132,170.0
133,162.0
133,190.0
133,193.0
133,189.0
133,180.0
133,194.0
133,175.0
134,186.0
134,174.0
134,181.0
134,193.0
134,175.0
134,171.0
134,175.0
135,175.0
135,197.0
135,161.0
135,178.0
136,170.0
136,168.0
136,170.0
136,182.0
137,169.0
137,169.0
137,162.0
137,180.0
137,191.0
137,186.0
138,186.0
138,183.0
138,190.0
138,184.0
139,192.0
139,193.0
139,196.0
139,194.0
139,219.0
139,219.0
139,202.0
139,203.0
139,157.0
139,186.0
139,189.0
139,216.0
139,208.0
139,203.0
139,216.0
140,219.0
140,215.0
140,208.0
140,213.0
140,214.0
140,223.0
140,206.0
140,211.0
140,228.0
141,228.0
141,235.0
141,217.0
141,212.0
141,238.0
142,212.0
142,192.0
142,180.0
142,197.0
142,172.0
142,145.0
142,125.0
143,98.0
143,0.0
142,0.0
141,0.0
141,0.0
141,0.0
139,0.0
139,0.0
138,0.0
136,0.0
134,40.0
133,0.0
132,0.0
131,0.0
131,0.0
117,
117,286.0
118,264.0
119,222.0
119,199.0
120,150.0
120,150.0
121,226.0
122,229.0
123,201.0
124,269.0
125,210.0
126,210.0
127,209.0
128,200.0
129,200.0
129,207.0
131,232.0
131,212.0
132,148.0
133,162.0
134,176.0
134,185.0
135,202.0
136,192.0
136,176.0
136,155.0
136,183.0
136,181.0
136,176.0
136,176.0
136,172.0
136,169.0
136,173.0
135,203.0
135,189.0
135,172.0
136,208.0
136,175.0
136,147.0
136,148.0
136,145.0
136,150.0
136,145.0
136,145.0
136,154.0
136,147.0
136,149.0
136,141.0
135,123.0
134,208.0
134,197.0
134,180.0
133,164.0
133,164.0
132,160.0
132,167.0
132,182.0
132,182.0
133,207.0
133,195.0
134,209.0
135,209.0
135,222.0
136,206.0
137,148.0
137,194.0
138,189.0
137,193.0
137,208.0
136,248.0
136,212.0
136,238.0
136,216.0
136,208.0
137,212.0
137,212.0
137,232.0
137,221.0
138,215.0
138,217.0
139,249.0
139,230.0
140,216.0
140,209.0
140,218.0
140,241.0
141,226.0
141,210.0
141,210.0
141,192.0
141,206.0
141,150.0
141,248.0
142,215.0
142,255.0
142,156.0
142,154.0
142,176.0
142,192.0
142,171.0
142,175.0
142,171.0
142,183.0
142,196.0
142,196.0
142,188.0
142,176.0
142,216.0
142,187.0
142,203.0
142,183.0
142,194.0
141,229.0
142,217.0
141,215.0
141,220.0
141,194.0
141,210.0
141,196.0
142,198.0
142,201.0
142,201.0
142,213.0
142,200.0
143,204.0
143,197.0
144,185.0
144,270.0
144,186.0
144,180.0
145,171.0
144,194.0
144,180.0
145,172.0
144,188.0
144,131.0
144,155.0
144,148.0
143,160.0
142,140.0
142,135.0
142,128.0
141,3.0
141,3.0
140,3.0
139,102.0
138,135.0
137,126.0
136,162.0
136,153.0
135,139.0
135,158.0
135,145.0
135,135.0
134,160.0
135,229.0
135,161.0
135,170.0
135,147.0
135,125.0
136,155.0
136,92.0
136,92.0
136,197.0
135,190.0
135,263.0
134,180.0
134,173.0
134,162.0
135,175.0
135,152.0
136,245.0
136,224.0
137,187.0
137,184.0
137,199.0
137,178.0
137,193.0
137,187.0
137,193.0
137,183.0
137,168.0
138,151.0
138,151.0
138,132.0
138,104.0
138,159.0
138,268.0
138,256.0
138,208.0
138,180.0
139,205.0
139,228.0
139,193.0
138,188.0
138,188.0
138,189.0
138,183.0
138,186.0
137,186.0
137,155.0
136,185.0
136,143.0
135,165.0
135,137.0
135,207.0
135,195.0
136,168.0
136,161.0
136,189.0
136,244.0
136,236.0
136,126.0
136,246.0
137,200.0
136,203.0
137,233.0
137,247.0
137,267.0
138,277.0
138,261.0
139,225.0
140,194.0
140,180.0
140,182.0
141,173.0
141,185.0
141,210.0
141,208.0
141,208.0
142,190.0
142,196.0
142,221.0
142,203.0
143,213.0
143,211.0
143,207.0
143,221.0
143,233.0
144,190.0
143,215.0
144,238.0
144,244.0
144,211.0
144,230.0
144,219.0
145,212.0
145,0.0
145,0.0
145,0.0
144,0.0
144,0.0
143,14.0
143,238.0
143,254.0
143,254.0
143,257.0
143,247.0
143,252.0
144,237.0
144,237.0
145,65.0
145,65.0
145,251.0
146,239.0
146,267.0
146,197.0
146,218.0
146,228.0
146,210.0
146,193.0
147,188.0
148,196.0
147,198.0
147,185.0
148,198.0
148,207.0
148,74.0
148,135.0
148,192.0
148,186.0
148,192.0
148,177.0
148,178.0
147,198.0
147,192.0
147,259.0
147,177.0
146,178.0
146,170.0
146,167.0
146,195.0
146,177.0
146,173.0
146,152.0
146,166.0
145,169.0
145,201.0
145,175.0
145,190.0
144,210.0
144,193.0
144,199.0
144,199.0
144,192.0
145,187.0
144,187.0
144,191.0
145,199.0
145,204.0
144,204.0
144,190.0
144,190.0
143,202.0
141,200.0
141,211.0
140,212.0
140,204.0
140,185.0
141,196.0
141,187.0
141,182.0
142,191.0
142,177.0
142,186.0
143,210.0
143,203.0
143,187.0
144,186.0
144,202.0
144,195.0
143,239.0
143,162.0
142,190.0
142,193.0
142,202.0
142,193.0
142,202.0
142,194.0
142,199.0
142,209.0
143,216.0
142,210.0
142,209.0
142,215.0
142,210.0
142,210.0
142,212.0
142,208.0
142,209.0
142,214.0
142,223.0
142,220.0
142,240.0
142,222.0
142,234.0
142,235.0
142,220.0
142,208.0
142,188.0
142,208.0
142,227.0
141,208.0
141,192.0
141,200.0
142,214.0
142,200.0
142,198.0
142,211.0
143,194.0
143,207.0
144,195.0
144,199.0
144,207.0
144,209.0
144,210.0
145,216.0
145,211.0
145,202.0
145,198.0
146,202.0
145,207.0
145,196.0
145,208.0
145,200.0
146,214.0
146,202.0
146,190.0
145,196.0
145,200.0
145,191.0
145,189.0
144,198.0
144,207.0
144,196.0
143,180.0
143,277.0
143,234.0
143,202.0
143,195.0
144,216.0
144,201.0
144,204.0
145,205.0
145,189.0
145,202.0
145,165.0
145,205.0
146,185.0
146,219.0
146,201.0
146,224.0
146,132.0
145,167.0
145,173.0
144,182.0
143,167.0
142,194.0
142,192.0
142,190.0
142,201.0
142,185.0
143,194.0
143,181.0
143,215.0
143,186.0
143,191.0
144,192.0
144,187.0
144,210.0
144,177.0
144,186.0
145,185.0
144,198.0
144,175.0
144,202.0
144,204.0
144,214.0
144,201.0
145,207.0
144,191.0
144,176.0
144,186.0
144,181.0
143,221.0
143,183.0
143,203.0
142,193.0
142,186.0
142,191.0
142,169.0
142,191.0
142,185.0
143,185.0
142,156.0
142,166.0
142,133.0
141,68.0
140,68.0
139,232.0
139,240.0
139,217.0
139,203.0
139,184.0
140,168.0
140,194.0
140,198.0
140,205.0
141,215.0
141,234.0
141,201.0
140,188.0
140,196.0
141,217.0
141,190.0
141,143.0
141,167.0
141,185.0
142,184.0
142,192.0
141,212.0
141,198.0
141,188.0
141,188.0
141,174.0
141,218.0
141,211.0
142,178.0
142,196.0
142,183.0
141,189.0
141,179.0
140,187.0
140,185.0
140,179.0
140,197.0
140,166.0
140,203.0
140,175.0
140,163.0
140,172.0
140,158.0
140,161.0
140,185.0
140,172.0
140,165.0
140,174.0
140,169.0
140,170.0
139,1.0
139,0.0
138,0.0
137,0.0
137,0.0
137,0.0
135,0.0
134,0.0
133,188.0
134,339.0
134,411.0
134,401.0
134,359.0
135,285.0
135,329.0
136,199.0
136,287.0
137,153.0
138,135.0
138,160.0
138,164.0
138,173.0
138,148.0
138,223.0
139,220.0
139,192.0
138,195.0
138,166.0
138,172.0
138,185.0
137,181.0
137,183.0
137,191.0
138,199.0
138,198.0
138,153.0
137,148.0
137,148.0
137,153.0
137,177.0
137,205.0
137,193.0
137,155.0
138,210.0
138,210.0
137,185.0
137,187.0
138,204.0
138,188.0
138,196.0
139,192.0
139,191.0
140,210.0
140,185.0
140,189.0
140,178.0
140,168.0
140,218.0
140,143.0
140,249.0
140,247.0
140,231.0
139,220.0
140,218.0
139,193.0
139,191.0
140,197.0
140,207.0
140,217.0
141,217.0
141,191.0
141,209.0
142,196.0
141,168.0
141,209.0
141,232.0
140,227.0
140,210.0
140,233.0
140,191.0
141,204.0
141,200.0
141,199.0
141,205.0
142,206.0
142,203.0
142,185.0
143,199.0
143,204.0
143,218.0
143,187.0
143,195.0
143,174.0
144,269.0
144,227.0
144,193.0
144,231.0
144,202.0
145,220.0
144,170.0
144,265.0
144,204.0
144,215.0
144,205.0
145,199.0
145,204.0
145,204.0
146,197.0
146,216.0
146,211.0
146,211.0
146,199.0
145,202.0
145,209.0
145,207.0
146,180.0
146,198.0
146,197.0
146,189.0
145,192.0
146,193.0
146,187.0
146,206.0
146,199.0
146,203.0
146,198.0
146,222.0
146,239.0
146,212.0
147,193.0
147,191.0
146,189.0
147,181.0
146,169.0
146,0.0
145,0.0
145,0.0
144,0.0
143,0.0
142,0.0
141,0.0
140,0.0
138,0.0
138,0.0
137,0.0
136,0.0
134,0.0
133,0.0
132,0.0
132,0.0
130,
129,0.0
128,230.0
127,247.0
127,286.0
126,267.0
126,142.0
126,166.0
127,237.0
127,313.0
127,267.0
128,235.0
128,205.0
130,207.0
131,202.0
132,214.0
133,200.0
134,206.0
135,181.0
135,189.0
136,191.0
137,178.0
138,195.0
139,186.0
139,159.0
139,164.0
139,161.0
139,160.0
139,165.0
139,139.0
139,145.0
139,138.0
139,162.0
138,141.0
138,139.0
138,148.0
137,155.0
137,143.0
137,156.0
136,125.0
136,124.0
136,183.0
136,160.0
136,165.0
137,177.0
137,193.0
137,173.0
137,163.0
137,167.0
137,167.0
137,163.0
137,136.0
136,142.0
136,130.0
136,144.0
136,150.0
135,162.0
135,175.0
135,206.0
135,228.0
135,219.0
135,201.0
135,168.0
135,216.0
135,239.0
135,208.0
135,225.0
135,240.0
135,249.0
135,239.0
135,235.0
135,208.0
135,245.0
136,244.0
137,242.0
137,242.0
138,262.0
138,247.0
139,206.0
139,232.0
140,226.0
140,246.0
141,248.0
141,230.0
141,225.0
141,249.0
141,236.0
141,254.0
142,236.0
142,237.0
143,228.0
143,228.0
143,255.0
144,245.0
144,231.0
145,227.0
145,198.0
146,209.0
146,194.0
146,208.0
147,204.0
147,254.0
147,198.0
147,185.0
148,161.0
148,161.0
148,159.0
148,187.0
148,134.0
148,206.0
148,222.0
148,152.0
148,167.0
147,171.0
147,204.0
146,192.0
146,217.0
146,204.0
146,218.0
145,218.0
145,228.0
145,189.0
145,224.0
145,222.0
145,226.0
144,248.0
145,221.0
144,246.0
144,227.0
145,207.0
144,192.0
145,199.0
144,192.0
144,195.0
145,197.0
145,179.0
145,219.0
145,202.0
145,198.0
146,205.0
145,202.0
145,150.0
144,191.0
144,190.0
143,190.0
143,183.0
143,197.0
143,204.0
143,168.0
143,190.0
143,163.0
144,171.0
144,199.0
144,181.0
144,185.0
144,172.0
144,178.0
144,192.0
143,214.0
144,189.0
143,182.0
143,184.0
143,207.0
143,220.0
144,185.0
144,178.0
144,191.0
144,182.0
144,178.0
144,186.0
145,241.0
145,226.0
145,213.0
145,196.0
145,198.0
145,215.0
145,186.0
144,201.0
144,197.0
144,192.0
144,167.0
143,181.0
143,182.0
143,208.0
142,208.0
142,186.0
142,202.0
142,210.0
143,221.0
143,204.0
143,212.0
143,188.0
143,179.0
143,188.0
144,200.0
144,184.0
144,207.0
144,216.0
144,207.0
144,195.0
144,220.0
145,205.0
144,186.0
144,190.0
145,195.0
145,197.0
145,188.0
145,193.0
146,201.0
146,159.0
145,206.0
145,177.0
145,192.0
145,204.0
145,193.0
144,189.0
143,214.0
142,182.0
142,187.0
141,196.0
140,193.0
139,215.0
138,206.0
138,190.0
139,204.0
139,191.0
140,188.0
140,184.0
140,175.0
141,187.0
141,192.0
140,177.0
140,198.0
140,179.0
140,171.0
140,181.0
140,175.0
140,181.0
140,193.0
140,198.0
140,170.0
140,183.0
140,199.0
140,175.0
140,183.0
141,176.0
141,201.0
141,179.0
141,173.0
140,167.0
140,205.0
141,178.0
140,177.0
141,184.0
141,178.0
141,228.0
141,175.0
141,174.0
141,170.0
141,194.0
141,186.0
141,171.0
141,166.0
141,169.0
142,177.0
141,166.0
141,197.0
141,207.0
141,189.0
141,187.0
142,183.0
142,202.0
141,195.0
141,188.0
142,190.0
141,202.0
141,200.0
141,206.0
141,184.0
141,220.0
141,196.0
141,196.0
141,206.0
141,204.0
141,196.0
141,164.0
141,178.0
141,184.0
141,188.0
141,206.0
141,206.0
141,198.0
141,187.0
140,225.0
141,221.0
141,213.0
141,231.0
141,231.0
141,217.0
142,210.0
142,206.0
142,196.0
143,198.0
144,188.0
144,198.0
144,199.0
144,198.0
144,208.0
144,215.0
144,221.0
144,196.0
144,210.0
144,216.0
144,214.0
143,190.0
143,176.0
143,205.0
143,205.0
143,214.0
143,208.0
143,204.0
143,207.0
143,209.0
143,180.0
143,195.0
143,287.0
143,166.0
143,199.0
143,222.0
143,219.0
143,216.0
143,217.0
143,203.0
142,207.0
142,193.0
142,168.0
142,0.0
142,0.0
143,0.0
143,0.0
142,2.0
142,0.0
141,0.0
140,0.0
139,0.0
138,0.0
136,0.0
132,0.0
130,0.0
129,107.0
128,198.0
128,13.0
127,13.0
125,13.0
124,148.0
123,326.0
123,277.0
124,259.0
124,240.0
125,247.0
125,198.0
126,219.0
127,207.0
128,211.0
129,197.0
130,204.0
131,198.0
131,198.0
132,213.0
133,198.0
133,230.0
134,205.0
134,197.0
135,204.0
135,221.0
135,202.0
136,215.0
136,233.0
136,214.0
136,210.0
137,204.0
138,204.0
138,194.0
138,204.0
139,204.0
139,197.0
139,206.0
139,285.0
140,224.0
140,194.0
140,195.0
140,215.0
139,200.0
139,204.0
139,216.0
139,202.0
139,207.0
139,202.0
139,210.0
140,209.0
141,210.0
141,205.0
141,196.0
141,194.0
141,189.0
141,199.0
141,215.0
142,202.0
142,235.0
141,221.0
142,211.0
141,203.0
141,63.0
141,101.0
141,189.0
142,145.0
141,0.0
141,0.0
140,0.0
139,2.0
137,65.0
137,164.0
136,164.0
136,162.0
135,161.0
135,157.0
134,140.0
134,133.0
133,0.0
133,0.0
132,0.0
131,0.0
131,0.0
130,0.0
130,0.0
130,1.0
129,0.0
128,0.0
128,0.0
127,0.0
125,0.0
123,0.0
120,0.0
118,0.0
116,0.0
116,0.0
114,0.0
109,
110,0.0
111,124.0
112,28.0
113,28.0
115,196.0
116,161.0
118,152.0
119,144.0
121,140.0
122,133.0
122,155.0
123,176.0
123,154.0
123,151.0
123,201.0
124,193.0
124,166.0
125,149.0
125,153.0
126,166.0
126,148.0
127,164.0
128,122.0
128,0.0
128,0.0
128,0.0
127,0.0
127,0.0
125,0.0
124,0.0
124,0.0
122,0.0
122,0.0
120,1.0
119,111.0
118,111.0
118,0.0
117,0.0
116,0.0
115,0.0
113,0.0
112,0.0
111,0.0
110,0.0
110,0.0
109,0.0
109,0.0
108,0.0
108,0.0
108,0.0
108,0.0
108,0.0
108,0.0
109,
108,238.0
107,259.0
108,257.0
108,246.0
109,223.0
110,367.0
110,351.0
110,343.0
111,207.0
112,343.0
113,187.0
114,216.0
116,183.0
118,185.0
120,193.0
121,167.0
122,175.0
124,151.0
126,178.0
127,169.0
129,165.0
130,146.0
131,115.0
133,15.0
134,15.0
135,0.0
135,0.0
136,0.0
136,0.0
135,0.0
134,0.0
133,134.0
132,145.0
131,212.0
130,117.0
129,86.0
128,244.0
127,328.0
126,267.0
126,188.0
126,185.0
126,182.0
126,154.0
126,153.0
127,171.0
127,166.0
127,171.0
128,165.0
128,160.0
129,165.0
130,217.0
131,197.0
131,199.0
131,188.0
132,191.0
132,178.0
132,183.0
133,187.0
133,176.0
133,165.0
133,171.0
134,154.0
134,166.0
134,161.0
134,170.0
134,140.0
134,136.0
134,190.0
133,190.0
134,146.0
133,150.0
133,137.0
133,0.0
132,0.0
131,0.0
130,0.0
129,1.0
128,58.0
128,173.0
128,201.0
127,232.0
127,224.0
127,180.0
127,179.0
126,181.0
127,178.0
126,172.0
126,168.0
126,0.0
126,0.0
126,0.0
125,0.0
124,0.0
124,0.0
123,0.0
122,1.0
121,47.0
121,284.0
121,337.0
122,283.0
122,265.0
122,268.0
122,225.0
123,231.0
123,248.0
124,244.0
125,250.0
126,242.0
127,214.0
128,200.0
128,180.0
129,178.0
130,158.0
130,135.0
130,230.0
130,153.0
130,111.0
130,162.0
130,172.0
130,150.0
130,26.0
130,131.0
130,161.0
130,156.0
129,174.0
128,176.0
127,161.0
126,143.0
125,127.0
125,110.0
125,115.0
124,0.0
124,0.0
123,0.0
123,1.0
123,133.0
124,237.0
124,185.0
125,177.0
126,154.0
126,0.0
127,0.0
126,0.0
126,0.0
125,0.0
124,0.0
123,0.0
123,0.0
123,0.0
122,1.0
121,2.0
120,0.0
119,0.0
118,0.0
117,0.0
117,0.0
109,
109,296.0
109,179.0
108,198.0
109,195.0
109,194.0
110,211.0
111,144.0
112,208.0
113,222.0
114,199.0
115,141.0
116,141.0
117,153.0
118,188.0
119,191.0
119,163.0
120,160.0
121,157.0
121,161.0
122,49.0
123,236.0
124,236.0
125,235.0
125,160.0
126,141.0
127,121.0
127,0.0
128,0.0
127,0.0
127,0.0
125,0.0
124,1.0
123,85.0
123,286.0
123,190.0
123,204.0
123,153.0
122,153.0
122,158.0
122,175.0
122,170.0
122,153.0
122,132.0
122,132.0
123,147.0
123,131.0
123,135.0
123,161.0
124,176.0
124,181.0
125,189.0
125,174.0
126,206.0
127,181.0
127,0.0
127,0.0
126,0.0
125,0.0
124,0.0
123,0.0
122,0.0
121,0.0
120,0.0
120,1.0
120,55.0
120,80.0
120,0.0
120,0.0
120,0.0
119,0.0
118,0.0
117,0.0
116,0.0
114,0.0
113,0.0
112,0.0
113,0.0
113,1.0
113,45.0
113,219.0
115,172.0
116,209.0
117,250.0
118,229.0
119,215.0
120,185.0
120,185.0
120,193.0
120,186.0
120,168.0
121,183.0
121,0.0
120,0.0
120,0.0
119,48.0
119,247.0
120,233.0
119,203.0
119,182.0
119,182.0
120,144.0
120,7.0
120,7.0
119,7.0
119,0.0
119,0.0
118,0.0
117,0.0
117,0.0
116,0.0
115,0.0
114,0.0
113,12.0
113,205.0
114,301.0
114,322.0
115,236.0
116,236.0
117,236.0
118,197.0
119,209.0
120,201.0
122,185.0
123,170.0
123,80.0
123,80.0
123,80.0
124,238.0
124,227.0
124,173.0
124,0.0
124,0.0
123,0.0
123,58.0
123,302.0
124,234.0
124,284.0
125,236.0
126,181.0
126,167.0
127,185.0
128,185.0
129,190.0
130,188.0
130,214.0
131,0.0
131,0.0
130,0.0
130,0.0
129,4.0
129,107.0
129,136.0
129,106.0
129,101.0
129,96.0
129,65.0
128,0.0
128,0.0
127,0.0
126,0.0
125,0.0
124,0.0
122,0.0
121,0.0
119,0.0
116,0.0
115,0.0
114,0.0
113,0.0
106,
106,0.0
105,240.0
106,275.0
106,249.0
106,108.0
106,108.0
107,200.0
107,188.0
108,173.0
109,171.0
109,149.0
110,168.0
111,157.0
112,144.0
114,145.0
115,172.0
117,163.0
118,164.0
120,168.0
121,154.0
122,154.0
124,169.0
125,164.0
125,184.0
126,156.0
127,168.0
127,161.0
128,162.0
128,166.0
127,148.0
128,131.0
127,112.0
127,147.0
127,210.0
127,212.0
127,173.0
127,217.0
128,228.0
129,215.0
129,144.0
130,182.0
130,168.0
130,140.0
130,170.0
130,170.0
130,258.0
130,210.0
130,219.0
130,199.0
130,0.0
130,0.0
129,0.0
128,0.0
128,0.0
126,1.0
125,0.0
124,0.0
123,0.0
123,0.0
93,
95,228.0
98,254.0
100,277.0
103,260.0
105,314.0
107,271.0
109,254.0
111,230.0
113,283.0
114,255.0
116,254.0
117,261.0
119,176.0
120,225.0
121,224.0
123,204.0
124,209.0
125,204.0
126,195.0
127,192.0
128,197.0
129,260.0
130,185.0
131,180.0
131,189.0
132,172.0
132,213.0
132,205.0
133,227.0
134,234.0
134,196.0
134,207.0
135,200.0
135,64.0
135,138.0
135,189.0
135,169.0
136,161.0
135,166.0
135,165.0
135,189.0
135,134.0
135,134.0
135,133.0
135,127.0
134,117.0
134,124.0
134,123.0
134,123.0
134,117.0
133,141.0
133,126.0
132,133.0
132,134.0
132,149.0
131,141.0
130,172.0
130,165.0
130,164.0
129,153.0
129,172.0
128,158.0
128,159.0
128,154.0
128,184.0
128,184.0
128,163.0
128,154.0
128,165.0
128,171.0
129,160.0
128,159.0
128,163.0
128,156.0
128,163.0
129,181.0
128,180.0
128,173.0
128,171.0
128,155.0
128,174.0
128,186.0
127,192.0
128,170.0
127,160.0
128,174.0
127,175.0
127,183.0
128,183.0
128,179.0
128,192.0
128,181.0
128,192.0
129,186.0
129,225.0
129,183.0
129,187.0
130,188.0
130,205.0
131,187.0
131,179.0
132,189.0
132,185.0
132,180.0
132,191.0
132,183.0
132,188.0
132,203.0
132,186.0
132,180.0
132,190.0
132,182.0
131,192.0
132,190.0
132,191.0
131,193.0
131,186.0
131,174.0
132,193.0
132,181.0
132,189.0
132,177.0
132,175.0
133,182.0
133,185.0
133,171.0
133,172.0
134,176.0
134,166.0
134,163.0
134,169.0
134,181.0
134,183.0
134,180.0
134,189.0
134,168.0
134,168.0
133,170.0
133,179.0
133,172.0
133,184.0
133,181.0
133,187.0
132,166.0
132,179.0
131,166.0
132,194.0
132,177.0
132,163.0
132,168.0
132,176.0
132,176.0
133,177.0
133,180.0
133,188.0
133,189.0
132,189.0
132,192.0
132,201.0
132,187.0
132,152.0
132,139.0
132,111.0
132,34.0
132,136.0
132,125.0
132,126.0
132,125.0
131,102.0
131,0.0
130,0.0
128,0.0
127,0.0
126,0.0
124,1.0
124,2.0
123,0.0
122,0.0
122,0.0
122,0.0
122,0.0
108,
107,270.0
107,306.0
108,294.0
108,252.0
109,188.0
110,188.0
111,210.0
112,157.0
114,200.0
115,216.0
116,138.0
117,164.0
118,134.0
119,0.0
119,0.0
119,0.0
118,0.0
117,0.0
116,0.0
115,6.0
116,235.0
117,235.0
118,280.0
119,274.0
120,292.0
122,197.0
123,149.0
125,198.0
127,172.0
128,155.0
129,163.0
130,141.0
131,171.0
131,147.0
131,146.0
131,157.0
131,168.0
131,167.0
131,165.0
131,170.0
131,156.0
131,166.0
130,175.0
130,176.0
130,192.0
130,147.0
130,167.0
129,109.0
129,188.0
129,183.0
129,169.0
129,184.0
129,174.0
128,195.0
129,200.0
129,182.0
130,182.0
130,180.0
131,177.0
131,161.0
132,191.0
132,179.0
133,167.0
133,180.0
133,185.0
132,176.0
132,191.0
132,181.0
132,181.0
133,193.0
133,188.0
133,169.0
133,179.0
133,170.0
133,175.0
133,190.0
133,196.0
134,164.0
133,182.0
134,191.0
133,179.0
133,180.0
133,216.0
133,215.0
133,210.0
133,208.0
132,210.0
130,203.0
130,196.0
129,167.0
130,208.0
131,185.0
131,171.0
132,178.0
133,191.0
133,221.0
134,208.0
134,190.0
135,157.0
135,183.0
136,146.0
136,123.0
135,159.0
135,204.0
134,195.0
134,202.0
133,201.0
133,171.0
133,168.0
132,157.0
132,192.0
132,182.0
132,173.0
132,171.0
132,176.0
132,165.0
132,165.0
132,170.0
133,171.0
132,171.0
132,159.0
131,172.0
131,189.0
131,186.0
131,168.0
130,191.0
130,190.0
130,160.0
130,154.0
130,154.0
131,165.0
131,150.0
130,175.0
130,204.0
130,218.0
130,199.0
130,208.0
130,198.0
130,196.0
131,189.0
131,173.0
131,134.0
131,158.0
131,147.0
131,147.0
132,157.0
132,157.0
131,205.0
132,142.0
132,167.0
132,175.0
132,175.0
133,186.0
133,161.0
133,193.0
133,197.0
133,191.0
133,190.0
132,196.0
132,186.0
132,183.0
132,183.0
132,195.0
132,210.0
132,189.0
133,182.0
133,223.0
133,187.0
133,183.0
134,153.0
133,179.0
133,222.0
134,152.0
133,176.0
133,166.0
133,228.0
133,208.0
134,201.0
134,195.0
135,248.0
135,131.0
135,206.0
135,281.0
135,214.0
136,294.0
136,295.0
136,297.0
136,308.0
136,305.0
137,295.0
137,298.0
138,298.0
139,285.0
140,287.0
141,281.0
142,300.0
142,271.0
143,262.0
144,274.0
145,274.0
146,274.0
146,261.0
147,247.0
147,248.0
148,262.0
149,293.0
149,306.0
150,240.0
150,237.0
151,236.0
151,205.0
152,186.0
152,184.0
152,225.0
153,199.0
153,158.0
153,94.0
153,156.0
154,201.0
153,210.0
153,188.0
153,184.0
153,176.0
152,187.0
152,157.0
151,140.0
151,116.0
151,215.0
150,215.0
150,188.0
150,288.0
149,225.0
149,179.0
149,179.0
148,181.0
148,153.0
147,228.0
146,136.0
146,125.0
145,110.0
145,0.0
145,0.0
145,0.0
144,70.0
144,322.0
144,294.0
143,223.0
143,243.0
142,243.0
142,267.0
142,287.0
143,212.0
142,182.0
143,177.0
143,128.0
143,121.0
143,97.0
144,3.0
144,3.0
144,3.0
144,0.0
143,0.0
142,0.0
141,0.0
141,0.0
140,0.0
141,0.0
131,
131,0.0
131,0.0
131,0.0
131,0.0
131,0.0
130,0.0
130,0.0
130,0.0
130,0.0
130,0.0
130,0.0
130,0.0
130,0.0
128,0.0
128,0.0
127,0.0
113,
112,203.0
113,229.0
114,197.0
115,26.0
116,74.0
118,8.0
118,8.0
119,0.0
119,0.0
119,0.0
118,10.0
119,114.0
119,89.0
120,109.0
120,98.0
121,91.0
121,163.0
122,124.0
122,112.0
122,105.0
122,0.0
122,0.0
121,0.0
120,0.0
120,0.0
119,0.0
119,0.0
119,0.0
119,1.0
120,91.0
121,148.0
121,158.0
121,0.0
120,0.0
117,0.0
116,0.0
114,0.0
113,0.0
112,0.0
111,0.0
111,0.0
111,0.0
112,0.0
112,0.0
112,0.0
110,0.0
110,140.0
109,0.0
109,0.0
109,0.0
109,0.0
108,0.0
107,0.0
105,0.0
104,0.0
104,6.0
104,73.0
105,73.0
107,0.0
108,0.0
108,0.0
107,8.0
107,0.0
107,0.0
108,0.0
109,0.0
111,0.0
113,0.0
115,0.0
116,0.0
107,
106,0.0
105,0.0
105,0.0
105,0.0
109,
110,154.0
110,55.0
111,0.0
111,0.0
111,0.0
111,0.0
112,0.0
112,0.0
112,9.0
113,165.0
113,230.0
114,159.0
115,159.0
116,150.0
117,180.0
117,175.0
117,171.0
117,154.0
118,156.0
118,177.0
118,166.0
119,166.0
120,169.0
121,184.0
123,161.0
124,157.0
125,172.0
125,178.0
126,204.0
126,216.0
126,175.0
126,139.0
127,173.0
127,186.0
127,192.0
128,189.0
128,209.0
128,243.0
129,212.0
129,209.0
130,210.0
130,211.0
131,186.0
131,185.0
131,201.0
132,211.0
132,237.0
132,246.0
132,249.0
132,247.0
132,258.0
133,231.0
133,218.0
134,221.0
134,205.0
135,226.0
136,244.0
136,234.0
137,213.0
137,159.0
137,131.0
138,114.0
138,44.0
137,48.0
138,0.0
138,0.0
137,0.0
137,0.0
137,0.0
136,0.0
136,0.0
135,0.0
134,0.0
131,0.0
128,1.0
125,0.0
124,0.0
124,0.0
123,0.0
122,0.0
121,0.0
122,0.0
122,0.0
123,0.0
124,0.0
124,0.0
125,0.0
125,0.0
126,0.0
126,0.0
126,0.0
127,0.0
127,0.0
115,
115,0.0
113,0.0
111,194.0
110,199.0
110,194.0
109,194.0
108,124.0
107,124.0
106,67.0
106,67.0
106,0.0
105,0.0
104,0.0
104,49.0
105,162.0
105,124.0
106,107.0
107,87.0
107,0.0
108,0.0
109,0.0
109,0.0
109,0.0
109,0.0
109,0.0
108,0.0
107,0.0
106,0.0
104,0.0
103,6.0
104,101.0
104,95.0
105,85.0
106,71.0
107,73.0
107,77.0
107,78.0
107,94.0
106,94.0
106,85.0
105,86.0
105,143.0
106,105.0
106,96.0
106,78.0
106,83.0
106,85.0
106,96.0
106,78.0
105,79.0
105,75.0
105,76.0
105,0.0
105,0.0
105,0.0
105,0.0
104,0.0
104,0.0
103,0.0
102,0.0
99,0.0
99,0.0
95,0.0
95,0.0
95,0.0
95,0.0
95,0.0
96,0.0
95,0.0
95,9.0
95,199.0
96,159.0
98,119.0
99,97.0
100,101.0
100,98.0
99,123.0
97,101.0
96,87.0
96,90.0
96,89.0
97,90.0
98,84.0
100,80.0
102,84.0
103,75.0
104,83.0
105,131.0
106,99.0
106,92.0
105,77.0
105,76.0
104,100.0
104,103.0
103,109.0
104,105.0
105,113.0
105,112.0
107,104.0
107,102.0
107,112.0
107,106.0
106,111.0
106,110.0
105,117.0
104,117.0
105,121.0
105,129.0
105,129.0
106,113.0
106,113.0
107,111.0
107,112.0
107,98.0
106,97.0
106,89.0
105,110.0
105,119.0
106,132.0
106,121.0
108,124.0
109,122.0
109,144.0
110,111.0
110,95.0
110,88.0
110,98.0
110,101.0
110,99.0
111,130.0
111,105.0
111,112.0
111,111.0
112,102.0
111,105.0
111,104.0
111,103.0
111,114.0
112,118.0
112,107.0
111,105.0
111,89.0
111,95.0
111,96.0
110,109.0
110,118.0
110,129.0
110,130.0
110,129.0
111,139.0
111,134.0
111,136.0
110,130.0
110,136.0
109,146.0
109,131.0
109,158.0
109,115.0
109,131.0
110,118.0
110,88.0
111,88.0
112,0.0
111,0.0
111,0.0
111,0.0
110,1.0
109,118.0
108,233.0
108,159.0
107,0.0
107,0.0
107,0.0
107,0.0
106,0.0
106,0.0
105,0.0
103,0.0
100,0.0
100,0.0
100,1.0
100,0.0
99,0.0
100,0.0
101,0.0
98,
98,197.0
99,212.0
100,63.0
101,63.0
102,248.0
103,257.0
104,256.0
106,121.0
107,121.0
108,104.0
108,107.0
109,99.0
110,105.0
110,115.0
110,106.0
111,104.0
111,97.0
111,135.0
111,107.0
111,97.0
112,99.0
112,113.0
112,103.0
113,120.0
114,143.0
115,146.0
116,146.0
116,133.0
115,166.0
116,151.0
115,156.0
116,156.0
116,153.0
116,147.0
116,141.0
116,144.0
116,145.0
116,143.0
116,149.0
116,148.0
116,150.0
116,150.0
116,152.0
116,137.0
117,138.0
116,149.0
116,156.0
116,155.0
116,150.0
117,156.0
117,167.0
117,153.0
117,174.0
117,174.0
117,144.0
117,137.0
117,157.0
117,142.0
117,166.0
118,130.0
117,136.0
118,150.0
118,151.0
118,141.0
118,148.0
119,147.0
118,167.0
118,146.0
118,127.0
117,147.0
117,147.0
117,132.0
118,152.0
118,147.0
118,138.0
118,177.0
118,165.0
118,173.0
118,183.0
118,169.0
119,180.0
119,167.0
119,153.0
119,162.0
119,160.0
119,162.0
119,159.0
119,134.0
119,146.0
120,134.0
120,121.0
119,114.0
118,128.0
118,131.0
116,132.0
115,121.0
115,114.0
115,124.0
115,119.0
115,115.0
115,108.0
116,185.0
116,244.0
116,244.0
116,225.0
117,252.0
117,207.0
118,174.0
118,190.0
119,180.0
120,177.0
120,214.0
120,214.0
121,216.0
121,186.0
122,166.0
122,138.0
122,126.0
123,140.0
123,111.0
123,0.0
123,0.0
122,0.0
122,0.0
121,0.0
120,1.0
119,87.0
117,155.0
116,130.0
114,153.0
112,158.0
112,187.0
112,190.0
112,190.0
112,176.0
112,167.0
113,162.0
114,159.0
114,188.0
115,215.0
116,197.0
116,177.0
117,179.0
117,150.0
119,169.0
119,160.0
120,160.0
120,128.0
121,142.0
121,137.0
120,132.0
120,123.0
120,158.0
119,166.0
119,216.0
119,186.0
120,190.0
119,178.0
119,189.0
119,199.0
119,210.0
119,187.0
118,178.0
118,169.0
118,172.0
118,155.0
118,142.0
118,134.0
118,120.0
119,107.0
118,137.0
118,107.0
118,116.0
118,98.0
118,93.0
117,93.0
117,9.0
117,49.0
117,0.0
116,0.0
116,0.0
115,0.0
114,0.0
113,0.0
112,0.0
110,1.0
109,0.0
108,0.0
107,0.0
106,0.0
106,142.0
105,0.0
104,0.0
105,0.0
105,0.0
105,0.0
103,0.0
102,28.0
103,184.0
104,152.0
105,135.0
105,138.0
106,0.0
105,0.0
105,0.0
105,0.0
105,0.0
105,0.0
104,0.0
103,0.0
103,0.0
102,0.0
101,0.0
100,0.0
99,0.0
99,0.0
99,0.0
97,0.0
97,0.0
97,0.0
98,0.0
